id,name,email,accountBalance,loyaltyPoints,tier,phoneNumber,address,registeredDate,preferredSector,totalTicketsPurchased,totalSpend,marketingOptIn
FAN_00001,Pham Marco Van Minh 19,fan1@email.com,6525.85,55717,DIAMOND,+84-98615210,Address 1,2026-04-05,B,89,13004.50,true
FAN_00002,Marco Oliveira 81,fan2@email.com,1957.06,58227,DIAMOND,+84-97255257,Address 2,2026-10-07,E,58,9639.84,true
FAN_00003,Tran Van Khanh,fan3@email.com,1140.19,45128,PLATINUM,+84-95682697,Address 3,2025-04-01,VIP,25,1872.67,true
FAN_00004,Antonio Takahashi,fan4@email.com,9551.18,35,BRONZE,+84-91970359,Address 4,2025-02-26,A,55,10437.03,true
FAN_00005,Luong Van Sang,fan5@email.com,9889.96,34196,PLATINUM,+84-94100681,Address 5,2024-11-05,D,18,3089.99,true
FAN_00006,Park Dang Van Hieu 15,fan6@email.com,6007.95,33611,PLATINUM,+84-97560544,Address 6,2024-11-10,D,72,12701.86,true
FAN_00007,Tran Kim,fan7@email.com,1943.94,14889,GOLD,+84-96390009,Address 7,2025-02-23,F,3,337.14,true
FAN_00008,David John Silva,fan8@email.com,5338.64,44795,PLATINUM,+84-99830753,Address 8,2026-05-04,VIP,58,5661.49,true
FAN_00009,Hoang Thomas Johnson 67,fan9@email.com,2914.60,273,BRONZE,+84-93723888,Address 9,2024-12-05,F,58,4435.01,true
FAN_00010,Luong Hoang Kim,fan10@email.com,1279.84,36984,PLATINUM,+84-96280598,Address 10,2026-09-23,C,71,3863.24,true
FAN_00011,Carlos Takahashi 16,fan11@email.com,5789.46,3620,SILVER,+84-97977509,Address 11,2024-07-02,E,59,2156.17,true
FAN_00012,Bui Silva,fan12@email.com,2052.00,58804,DIAMOND,+84-92276868,Address 12,2026-07-07,C,80,3102.80,true
FAN_00013,Dang John Johnson 5,fan13@email.com,7811.14,36167,PLATINUM,+84-97945173,Address 13,2026-05-15,F,1,65.49,true
FAN_00014,James Silva 82,fan14@email.com,5846.69,315,BRONZE,+84-99412846,Address 14,2024-09-26,B,97,13970.53,true
FAN_00015,William Kim Takahashi 80,fan15@email.com,5121.75,36131,PLATINUM,+84-90755549,Address 15,2024-05-04,F,4,563.27,true
FAN_00016,Kim Robert Johnson,fan16@email.com,2697.05,8161,GOLD,+84-99684342,Address 16,2026-08-17,C,86,5403.86,true
FAN_00017,David Mohammed Oliveira 78,fan17@email.com,3368.05,47834,PLATINUM,+84-92431592,Address 17,2025-09-22,C,12,1430.09,true
FAN_00018,Lee Tanaka,fan18@email.com,852.92,32136,PLATINUM,+84-90733979,Address 18,2024-04-09,D,62,7843.01,true
FAN_00019,Park David Takahashi,fan19@email.com,4896.32,31947,PLATINUM,+84-96675182,Address 19,2025-06-25,D,74,9415.39,true
FAN_00020,Yuki Kenji Takahashi 14,fan20@email.com,3854.53,59491,DIAMOND,+84-90065702,Address 20,2025-02-15,F,92,14600.28,true
FAN_00021,Carlos Marco Oliveira,fan21@email.com,2204.32,28430,PLATINUM,+84-92429297,Address 21,2024-09-18,E,34,4806.98,true
FAN_00022,Tran Van Duc,fan22@email.com,8171.99,27045,PLATINUM,+84-94645025,Address 22,2026-05-02,VIP,80,9369.22,true
FAN_00023,Bui Jones,fan23@email.com,3374.63,59325,DIAMOND,+84-95748765,Address 23,2026-06-10,C,92,8912.72,true
FAN_00024,Park Bui Santos 27,fan24@email.com,4552.92,37378,PLATINUM,+84-95054888,Address 24,2024-05-06,B,81,2573.16,true
FAN_00025,Pedro Van Minh 10,fan25@email.com,1211.94,45344,PLATINUM,+84-96967490,Address 25,2026-11-24,E,50,8636.28,true
FAN_00026,Pham Hoang Silva,fan26@email.com,1803.05,6051,GOLD,+84-94524237,Address 26,2025-08-05,C,98,18561.90,true
FAN_00027,Hoang Choi,fan27@email.com,7698.03,58083,DIAMOND,+84-93193817,Address 27,2026-02-17,E,72,8942.69,true
FAN_00028,Ahmed Van Hieu 3,fan28@email.com,3829.79,23638,PLATINUM,+84-93346477,Address 28,2026-07-01,C,72,13355.13,true
FAN_00029,David Van Minh,fan29@email.com,9318.86,46451,PLATINUM,+84-98839476,Address 29,2025-05-26,E,13,996.01,true
FAN_00030,Bui Marco Choi,fan30@email.com,1694.58,956,BRONZE,+84-96856266,Address 30,2026-09-15,E,94,17012.40,true
FAN_00031,Lee Martinez,fan31@email.com,8732.45,28165,PLATINUM,+84-92989136,Address 31,2026-03-10,A,15,2216.81,true
FAN_00032,John Kim,fan32@email.com,2415.85,2782,SILVER,+84-91774235,Address 32,2026-04-06,C,15,1840.77,true
FAN_00033,Robert Van Duc,fan33@email.com,7237.55,40733,PLATINUM,+84-97600031,Address 33,2026-12-27,B,23,2571.68,true
FAN_00034,Lee David Garcia,fan34@email.com,1302.45,18667,PLATINUM,+84-92155187,Address 34,2026-09-02,VIP,42,6886.83,true
FAN_00035,Vu Martinez 14,fan35@email.com,5214.43,14392,GOLD,+84-99345567,Address 35,2025-06-06,C,70,10409.28,true
FAN_00036,Marco Do Jones 10,fan36@email.com,7086.86,17256,PLATINUM,+84-92865372,Address 36,2024-04-06,A,87,2710.54,true
FAN_00037,Kim Van Hieu,fan37@email.com,7692.28,25096,PLATINUM,+84-97181106,Address 37,2025-10-20,D,55,7167.52,true
FAN_00038,Park Jones,fan38@email.com,8141.90,25406,PLATINUM,+84-92246392,Address 38,2024-11-22,A,62,3199.76,true
FAN_00039,Pedro Van Hieu 81,fan39@email.com,8936.86,9201,GOLD,+84-95093633,Address 39,2026-08-19,C,99,6621.61,true
FAN_00040,Mohammed Do Oliveira,fan40@email.com,4342.07,9082,GOLD,+84-98308618,Address 40,2026-01-20,E,31,3697.29,true
FAN_00041,Pedro Luis Van Sang 56,fan41@email.com,1497.03,25592,PLATINUM,+84-93391517,Address 41,2026-03-22,D,0,0.00,true
FAN_00042,David Van Khanh,fan42@email.com,1641.41,7088,GOLD,+84-95563730,Address 42,2025-10-05,VIP,31,6108.35,true
FAN_00043,Michael Tanaka 46,fan43@email.com,5453.64,50335,DIAMOND,+84-90978495,Address 43,2025-06-04,VIP,17,2927.69,true
FAN_00044,Luong Tanaka 78,fan44@email.com,8498.67,3622,SILVER,+84-96541190,Address 44,2026-01-15,E,31,4884.08,true
FAN_00045,Dang Takahashi 46,fan45@email.com,7911.23,58933,DIAMOND,+84-92624780,Address 45,2026-05-27,F,10,817.97,true
FAN_00046,John William Williams,fan46@email.com,3740.90,57310,DIAMOND,+84-90196313,Address 46,2026-01-08,E,34,5681.22,true
FAN_00047,Robert Smith 49,fan47@email.com,947.34,30672,PLATINUM,+84-96339474,Address 47,2025-12-11,C,64,2560.55,true
FAN_00048,Le Dang Kim,fan48@email.com,4870.37,25244,PLATINUM,+84-91309183,Address 48,2024-07-05,C,28,2608.70,true
FAN_00049,Le Le Johnson 1,fan49@email.com,5473.76,34789,PLATINUM,+84-92635901,Address 49,2026-02-07,F,99,7187.03,true
FAN_00050,Kenji Santos 21,fan50@email.com,2572.22,24652,PLATINUM,+84-96201389,Address 50,2025-10-14,C,87,11714.08,true
FAN_00051,Yuki Choi 53,fan51@email.com,9909.83,10233,GOLD,+84-96298238,Address 51,2024-06-27,C,4,257.37,true
FAN_00052,Michael Marco Rodriguez 99,fan52@email.com,8513.10,57843,DIAMOND,+84-97342791,Address 52,2024-01-22,A,51,8118.93,true
FAN_00053,Carlos James Rodriguez 29,fan53@email.com,1912.32,45992,PLATINUM,+84-98705196,Address 53,2024-08-26,F,44,4104.10,true
FAN_00054,Dang Mohammed Van Minh,fan54@email.com,9928.34,15540,PLATINUM,+84-97469538,Address 54,2024-06-03,B,5,815.61,true
FAN_00055,Luis David Costa 77,fan55@email.com,6909.32,23408,PLATINUM,+84-94335141,Address 55,2026-12-17,D,13,1213.07,true
FAN_00056,Ahmed Bui Santos 18,fan56@email.com,5700.90,58756,DIAMOND,+84-99429402,Address 56,2025-12-02,A,86,4474.85,true
FAN_00057,William Van Minh 68,fan57@email.com,9375.34,50788,DIAMOND,+84-96464548,Address 57,2025-12-10,C,16,2780.78,true
FAN_00058,Do Michael Costa,fan58@email.com,3958.04,52211,DIAMOND,+84-93878468,Address 58,2025-01-15,A,82,3525.54,true
FAN_00059,Antonio Hoang Garcia 72,fan59@email.com,5903.24,46534,PLATINUM,+84-94420974,Address 59,2024-02-08,C,59,2241.01,true
FAN_00060,David Van Hieu 74,fan60@email.com,2773.16,2295,SILVER,+84-96484060,Address 60,2024-11-18,B,43,8342.28,true
FAN_00061,Robert Tran Brown 94,fan61@email.com,4503.95,31268,PLATINUM,+84-94768613,Address 61,2025-02-08,VIP,98,9396.84,true
FAN_00062,Nguyen Mohammed Martinez,fan62@email.com,7269.21,37144,PLATINUM,+84-93133541,Address 62,2025-04-19,E,4,537.44,true
FAN_00063,Ahmed Williams 61,fan63@email.com,971.75,10154,GOLD,+84-91383452,Address 63,2026-04-14,E,34,2512.74,true
FAN_00064,Nguyen Luong Costa,fan64@email.com,5864.61,58126,DIAMOND,+84-94824041,Address 64,2026-11-06,F,9,522.58,true
FAN_00065,Marco Hoang Garcia 44,fan65@email.com,1968.29,11085,GOLD,+84-99456620,Address 65,2025-08-03,E,66,10479.96,true
FAN_00066,Mohammed Van Duc 35,fan66@email.com,4505.72,47784,PLATINUM,+84-93424019,Address 66,2024-12-12,F,21,1336.04,true
FAN_00067,Bui Tanaka 4,fan67@email.com,7865.57,57147,DIAMOND,+84-93312441,Address 67,2024-07-26,D,86,5842.76,true
FAN_00068,Vu Luong Van Hieu 76,fan68@email.com,3722.53,16436,PLATINUM,+84-98110166,Address 68,2025-04-25,F,97,5941.82,true
FAN_00069,Yuki Van Sang 32,fan69@email.com,9573.85,38394,PLATINUM,+84-97359865,Address 69,2025-03-06,D,81,16196.80,true
FAN_00070,Le Robert Williams 67,fan70@email.com,7057.43,21471,PLATINUM,+84-95958230,Address 70,2025-01-07,B,23,2627.47,true
FAN_00071,Mohammed Choi 23,fan71@email.com,3601.72,1821,SILVER,+84-95604249,Address 71,2024-10-23,B,64,11997.07,true
FAN_00072,Le Le Van Hieu,fan72@email.com,8412.48,16392,PLATINUM,+84-96691798,Address 72,2024-10-27,A,23,943.44,true
FAN_00073,William Le Van Hieu,fan73@email.com,8759.04,7508,GOLD,+84-92236008,Address 73,2025-01-01,B,57,6576.66,true
FAN_00074,Michael Van Duc,fan74@email.com,653.49,27118,PLATINUM,+84-92306198,Address 74,2024-07-04,D,43,2919.71,true
FAN_00075,Park Kim Van Khanh 83,fan75@email.com,2522.29,46435,PLATINUM,+84-99082645,Address 75,2025-07-23,VIP,66,7451.78,true
FAN_00076,Do Do Johnson,fan76@email.com,8981.99,39950,PLATINUM,+84-98851206,Address 76,2025-11-03,B,66,4198.61,true
FAN_00077,Antonio Santos,fan77@email.com,6916.50,8159,GOLD,+84-91681804,Address 77,2025-04-09,A,52,10377.59,true
FAN_00078,Marco Jones 4,fan78@email.com,9876.21,56413,DIAMOND,+84-94917106,Address 78,2026-12-19,D,49,1714.49,true
FAN_00079,Mohammed Van Khanh,fan79@email.com,6722.44,36771,PLATINUM,+84-93373958,Address 79,2026-12-27,VIP,87,12862.59,true
FAN_00080,Robert David Santos,fan80@email.com,3818.97,16795,PLATINUM,+84-94243602,Address 80,2026-08-09,B,51,3834.39,true
FAN_00081,Luis Silva,fan81@email.com,7009.50,54033,DIAMOND,+84-96459858,Address 81,2025-06-09,VIP,48,2659.46,true
FAN_00082,Carlos William Van Khanh 76,fan82@email.com,1743.57,4169,SILVER,+84-91418188,Address 82,2026-02-01,F,93,10089.13,true
FAN_00083,Robert Hoang Santos 90,fan83@email.com,9467.01,40486,PLATINUM,+84-98005203,Address 83,2025-10-12,E,89,16902.99,true
FAN_00084,Vu Bui Van Khanh,fan84@email.com,8629.74,26302,PLATINUM,+84-94514198,Address 84,2026-11-28,C,52,7270.42,true
FAN_00085,William Van Duc,fan85@email.com,2504.44,24045,PLATINUM,+84-95324136,Address 85,2026-11-22,D,53,2919.61,true
FAN_00086,Ahmed Jones 98,fan86@email.com,7304.04,44231,PLATINUM,+84-93285916,Address 86,2025-05-06,C,17,1984.90,true
FAN_00087,Tran Nguyen Jones 92,fan87@email.com,229.57,51727,DIAMOND,+84-98351517,Address 87,2026-08-03,C,55,7064.47,true
FAN_00088,Marco Marco Santos 22,fan88@email.com,6737.87,13592,GOLD,+84-94817471,Address 88,2024-03-14,F,22,2953.95,true
FAN_00089,Tran Park 4,fan89@email.com,9184.27,14685,GOLD,+84-97712311,Address 89,2024-11-16,A,59,9390.31,true
FAN_00090,James Park Oliveira 90,fan90@email.com,4901.47,36198,PLATINUM,+84-94944741,Address 90,2026-03-24,E,26,1658.43,true
FAN_00091,Mohammed Rodriguez 42,fan91@email.com,7300.09,6440,GOLD,+84-95725913,Address 91,2024-10-14,E,56,2748.09,true
FAN_00092,William Hoang Oliveira 12,fan92@email.com,5152.36,5030,GOLD,+84-99328412,Address 92,2025-10-15,D,87,7906.29,true
FAN_00093,John Van Minh 44,fan93@email.com,7839.36,2390,SILVER,+84-94862665,Address 93,2026-03-16,D,24,2117.58,true
FAN_00094,Thomas Garcia,fan94@email.com,2687.29,24481,PLATINUM,+84-98357072,Address 94,2025-12-22,E,53,10353.85,true
FAN_00095,Luong Van Sang 45,fan95@email.com,4907.01,11860,GOLD,+84-91689565,Address 95,2025-03-07,F,22,4297.33,true
FAN_00096,Carlos Luis Van Khanh,fan96@email.com,1276.59,48254,PLATINUM,+84-99545669,Address 96,2024-12-16,E,37,4327.94,true
FAN_00097,Le Luis Kim 55,fan97@email.com,4990.17,56242,DIAMOND,+84-94453318,Address 97,2025-03-24,VIP,76,5294.74,true
FAN_00098,Carlos Tran Van Duc,fan98@email.com,4860.32,5547,GOLD,+84-91278688,Address 98,2025-07-05,C,92,13775.21,true
FAN_00099,Le Van Sang 67,fan99@email.com,3563.03,53401,DIAMOND,+84-98717151,Address 99,2024-02-03,VIP,62,10212.17,true
FAN_00100,Pedro Van Minh 38,fan100@email.com,248.79,2309,SILVER,+84-98610881,Address 100,2026-07-10,B,92,5607.32,true
FAN_00101,Luis Takahashi,fan101@email.com,1812.37,39999,PLATINUM,+84-95669303,Address 101,2026-01-24,A,23,1907.44,true
FAN_00102,Michael William Martinez 7,fan102@email.com,2879.38,49847,PLATINUM,+84-98006601,Address 102,2024-05-14,F,58,4379.60,true
FAN_00103,Lee Van Khanh 24,fan103@email.com,8825.12,33839,PLATINUM,+84-93662860,Address 103,2024-02-14,VIP,24,2653.82,true
FAN_00104,Kenji Van Minh,fan104@email.com,3090.15,57795,DIAMOND,+84-96273446,Address 104,2025-03-28,D,0,0.00,true
FAN_00105,Lee Marco Tanaka,fan105@email.com,5508.13,608,BRONZE,+84-94104901,Address 105,2024-06-24,F,76,3532.71,true
FAN_00106,Nguyen Costa 97,fan106@email.com,8966.46,16765,PLATINUM,+84-93103925,Address 106,2026-04-28,B,79,4030.58,true
FAN_00107,John Takahashi 19,fan107@email.com,2382.81,40788,PLATINUM,+84-93674942,Address 107,2026-12-28,F,7,699.39,true
FAN_00108,David Choi,fan108@email.com,3404.19,18769,PLATINUM,+84-99194752,Address 108,2026-01-12,F,9,473.77,true
FAN_00109,Yuki Robert Van Minh 14,fan109@email.com,1233.02,36954,PLATINUM,+84-97641437,Address 109,2025-06-28,C,27,3277.83,true
FAN_00110,Luis Kim 80,fan110@email.com,8682.33,46879,PLATINUM,+84-92501668,Address 110,2025-10-26,E,43,2941.77,true
FAN_00111,Pham Choi,fan111@email.com,9537.55,16664,PLATINUM,+84-94547303,Address 111,2024-11-04,E,97,15027.99,true
FAN_00112,William Kenji Smith 44,fan112@email.com,9012.33,38862,PLATINUM,+84-98523660,Address 112,2026-10-22,D,47,8105.07,true
FAN_00113,James Luong Oliveira 71,fan113@email.com,1400.24,53181,DIAMOND,+84-92566355,Address 113,2026-11-01,B,98,6044.98,true
FAN_00114,Carlos Van Duc 12,fan114@email.com,9240.27,8196,GOLD,+84-92585220,Address 114,2024-12-27,D,42,1564.25,true
FAN_00115,Bui Costa,fan115@email.com,1397.55,44580,PLATINUM,+84-97611079,Address 115,2026-05-05,B,6,350.77,true
FAN_00116,William Rodriguez,fan116@email.com,5009.50,30651,PLATINUM,+84-93996270,Address 116,2025-04-20,F,34,6080.63,true
FAN_00117,Dang Hoang Brown,fan117@email.com,4667.54,20262,PLATINUM,+84-98966812,Address 117,2024-03-08,F,85,15189.24,true
FAN_00118,Kenji Bui Martinez,fan118@email.com,7732.29,17996,PLATINUM,+84-90853223,Address 118,2024-03-06,B,75,3452.20,true
FAN_00119,Bui James Choi,fan119@email.com,8429.87,45763,PLATINUM,+84-99156714,Address 119,2025-07-02,A,33,6155.72,true
FAN_00120,Mohammed Kim Oliveira 49,fan120@email.com,2802.47,24224,PLATINUM,+84-96698358,Address 120,2026-06-07,A,79,2970.47,true
FAN_00121,James Park 87,fan121@email.com,4877.70,40035,PLATINUM,+84-97572506,Address 121,2025-05-17,B,61,12161.91,true
FAN_00122,William Silva,fan122@email.com,5416.15,52341,DIAMOND,+84-93404846,Address 122,2026-10-20,A,53,8983.82,true
FAN_00123,Le Pham Tanaka 88,fan123@email.com,5546.24,24794,PLATINUM,+84-98258741,Address 123,2026-07-13,VIP,89,17360.11,true
FAN_00124,Park Lee Garcia,fan124@email.com,596.55,196,BRONZE,+84-93502428,Address 124,2025-08-20,E,32,5667.36,true
FAN_00125,Carlos David Johnson 21,fan125@email.com,7036.28,14998,GOLD,+84-96272504,Address 125,2025-12-24,A,16,1003.43,true
FAN_00126,William Mohammed Brown,fan126@email.com,9220.39,10,BRONZE,+84-90590942,Address 126,2026-11-19,VIP,38,6885.49,true
FAN_00127,Tran Brown 69,fan127@email.com,5542.56,41089,PLATINUM,+84-91354815,Address 127,2024-07-17,E,47,2718.37,true
FAN_00128,Marco Brown 86,fan128@email.com,3501.69,9060,GOLD,+84-91221913,Address 128,2024-07-22,A,26,2767.39,true
FAN_00129,Kenji Van Khanh,fan129@email.com,6228.68,13439,GOLD,+84-97036859,Address 129,2025-03-05,E,86,8211.98,true
FAN_00130,Lee Van Hieu 5,fan130@email.com,5181.84,41248,PLATINUM,+84-96987439,Address 130,2025-08-12,D,61,3172.17,true
FAN_00131,Nguyen Thomas Kim,fan131@email.com,8541.95,19383,PLATINUM,+84-90369287,Address 131,2026-06-10,D,29,1398.34,true
FAN_00132,Dang Luis Van Duc,fan132@email.com,4179.01,53151,DIAMOND,+84-92837677,Address 132,2025-08-03,B,25,1832.69,true
FAN_00133,David Van Hieu,fan133@email.com,6268.15,23523,PLATINUM,+84-97358867,Address 133,2026-08-28,E,2,210.69,true
FAN_00134,Vu Martinez,fan134@email.com,4171.09,56904,DIAMOND,+84-93605450,Address 134,2024-07-09,E,88,12644.12,true
FAN_00135,Marco Rodriguez,fan135@email.com,4139.77,57775,DIAMOND,+84-98154074,Address 135,2024-02-11,VIP,32,2998.19,true
FAN_00136,Robert Van Minh,fan136@email.com,4261.16,53869,DIAMOND,+84-90195278,Address 136,2025-09-25,D,16,2624.79,true
FAN_00137,David Rodriguez,fan137@email.com,754.86,59299,DIAMOND,+84-94238680,Address 137,2024-06-25,E,91,9953.72,true
FAN_00138,Nguyen Luong Costa,fan138@email.com,5658.13,27033,PLATINUM,+84-91382285,Address 138,2024-09-21,D,84,7304.77,true
FAN_00139,Mohammed Smith,fan139@email.com,1062.13,4693,SILVER,+84-93612666,Address 139,2024-11-21,F,26,1361.90,true
FAN_00140,Nguyen Lee Williams 92,fan140@email.com,1615.72,30449,PLATINUM,+84-91350399,Address 140,2024-04-23,C,14,956.58,true
FAN_00141,James Van Hieu,fan141@email.com,2884.67,4322,SILVER,+84-95486924,Address 141,2024-06-04,E,67,12525.58,true
FAN_00142,Yuki Bui Van Sang 45,fan142@email.com,8393.20,1366,SILVER,+84-96529175,Address 142,2025-09-02,VIP,68,2454.15,true
FAN_00143,Dang Jones 15,fan143@email.com,4384.45,1372,SILVER,+84-95872051,Address 143,2026-12-09,A,44,5176.51,true
FAN_00144,Nguyen Johnson,fan144@email.com,2614.00,6665,GOLD,+84-98935178,Address 144,2026-04-28,A,5,296.62,true
FAN_00145,Yuki Hoang Tanaka,fan145@email.com,9762.08,32283,PLATINUM,+84-94853230,Address 145,2025-04-04,C,1,159.92,true
FAN_00146,William Costa,fan146@email.com,716.00,16621,PLATINUM,+84-97431864,Address 146,2024-05-16,C,88,6735.03,true
FAN_00147,Carlos Garcia 71,fan147@email.com,5367.77,12505,GOLD,+84-90872271,Address 147,2026-02-06,D,24,2592.42,true
FAN_00148,Vu Park Van Hieu,fan148@email.com,3884.45,15746,PLATINUM,+84-95457454,Address 148,2024-03-25,D,74,3243.87,true
FAN_00149,Hoang James Santos 14,fan149@email.com,9724.57,50787,DIAMOND,+84-91475755,Address 149,2025-03-23,VIP,98,17841.15,true
FAN_00150,Bui Nguyen Van Duc 89,fan150@email.com,5949.42,8276,GOLD,+84-91787265,Address 150,2024-11-22,A,79,15642.10,true
FAN_00151,Ahmed Kim Van Sang,fan151@email.com,1869.04,23677,PLATINUM,+84-97881836,Address 151,2026-05-22,VIP,1,165.06,true
FAN_00152,Vu Hoang Jones,fan152@email.com,2273.50,12243,GOLD,+84-91459843,Address 152,2025-09-09,D,90,11911.66,true
FAN_00153,Antonio Costa 88,fan153@email.com,492.89,20770,PLATINUM,+84-92244858,Address 153,2026-09-03,F,44,7229.72,true
FAN_00154,Ahmed Oliveira,fan154@email.com,1542.27,10136,GOLD,+84-99056695,Address 154,2026-06-14,B,59,3026.06,true
FAN_00155,Pham Carlos Silva 7,fan155@email.com,1963.42,11518,GOLD,+84-96888047,Address 155,2025-04-15,VIP,45,8377.65,true
FAN_00156,Bui Costa 21,fan156@email.com,7274.27,43491,PLATINUM,+84-95187060,Address 156,2024-06-15,B,57,3567.49,true
FAN_00157,Le Martinez 22,fan157@email.com,2819.41,8179,GOLD,+84-98091105,Address 157,2026-05-27,D,76,3764.05,true
FAN_00158,Pedro Garcia,fan158@email.com,1451.53,39466,PLATINUM,+84-91253148,Address 158,2024-06-04,B,9,778.97,true
FAN_00159,David Yuki Tanaka 4,fan159@email.com,5379.40,43816,PLATINUM,+84-99839331,Address 159,2024-06-07,D,77,14768.69,true
FAN_00160,Pham Mohammed Park 1,fan160@email.com,720.13,21948,PLATINUM,+84-98852870,Address 160,2025-07-09,E,25,2991.41,true
FAN_00161,Kim Yuki Van Minh 30,fan161@email.com,6180.39,15485,PLATINUM,+84-91979720,Address 161,2025-12-22,C,9,804.99,true
FAN_00162,David Hoang Brown,fan162@email.com,5168.20,14267,GOLD,+84-99791356,Address 162,2025-03-14,VIP,33,1358.40,true
FAN_00163,Luis Tanaka,fan163@email.com,5354.75,5030,GOLD,+84-95144256,Address 163,2024-09-19,VIP,54,2577.86,true
FAN_00164,Carlos Van Minh,fan164@email.com,5120.80,43001,PLATINUM,+84-96347580,Address 164,2025-02-01,F,0,0.00,true
FAN_00165,Do Van Minh 86,fan165@email.com,6492.28,33892,PLATINUM,+84-90328079,Address 165,2025-01-11,F,65,10152.55,true
FAN_00166,John Park Park,fan166@email.com,5186.95,13163,GOLD,+84-98152371,Address 166,2025-03-23,F,52,7332.57,true
FAN_00167,Kenji Garcia,fan167@email.com,8109.35,5609,GOLD,+84-98059067,Address 167,2025-06-04,F,98,6762.16,true
FAN_00168,Le Luong Van Minh,fan168@email.com,2573.05,20555,PLATINUM,+84-92801215,Address 168,2026-01-07,VIP,79,9709.34,true
FAN_00169,Michael Kenji Johnson,fan169@email.com,7360.11,8421,GOLD,+84-93712452,Address 169,2024-09-21,F,99,16566.71,true
FAN_00170,Pedro William Smith 12,fan170@email.com,7222.59,41846,PLATINUM,+84-90007346,Address 170,2025-05-06,B,49,2852.02,true
FAN_00171,Luis Johnson 5,fan171@email.com,7639.76,13827,GOLD,+84-98944027,Address 171,2025-10-03,D,1,199.96,true
FAN_00172,Kenji Le Williams,fan172@email.com,9260.92,55063,DIAMOND,+84-92606946,Address 172,2026-02-21,F,33,1849.81,true
FAN_00173,Hoang Mohammed Van Sang 71,fan173@email.com,8351.71,42812,PLATINUM,+84-96891679,Address 173,2024-03-05,C,90,15108.00,true
FAN_00174,Vu Choi,fan174@email.com,9554.49,26659,PLATINUM,+84-96052217,Address 174,2026-01-16,E,2,219.27,true
FAN_00175,Vu Martinez,fan175@email.com,644.86,32880,PLATINUM,+84-91631734,Address 175,2026-09-26,B,2,92.16,true
FAN_00176,Bui Brown 16,fan176@email.com,1114.02,6283,GOLD,+84-95925217,Address 176,2024-03-27,D,60,7536.24,true
FAN_00177,Kim Ahmed Van Khanh,fan177@email.com,6602.43,43155,PLATINUM,+84-90794673,Address 177,2024-05-16,B,66,8627.86,true
FAN_00178,Luis Williams,fan178@email.com,1037.55,23309,PLATINUM,+84-93721429,Address 178,2024-02-24,VIP,95,4812.57,true
FAN_00179,Park Antonio Jones,fan179@email.com,9583.47,45852,PLATINUM,+84-92218113,Address 179,2025-11-04,A,78,4659.31,true
FAN_00180,Ahmed Jones,fan180@email.com,6447.04,34537,PLATINUM,+84-97743671,Address 180,2024-10-27,A,81,10155.58,true
FAN_00181,Luong Santos,fan181@email.com,6894.04,24493,PLATINUM,+84-92768822,Address 181,2025-04-21,E,51,5346.27,true
FAN_00182,Dang John Johnson 31,fan182@email.com,614.02,53296,DIAMOND,+84-99062232,Address 182,2025-12-09,A,96,8146.24,true
FAN_00183,Yuki Costa 78,fan183@email.com,2407.06,19680,PLATINUM,+84-94929007,Address 183,2024-11-03,VIP,30,5306.55,true
FAN_00184,Robert Pedro Santos,fan184@email.com,2103.21,3538,SILVER,+84-97095925,Address 184,2024-03-03,VIP,0,0.00,true
FAN_00185,Do Lee Silva 8,fan185@email.com,6012.60,12899,GOLD,+84-96204571,Address 185,2025-05-14,D,64,5791.84,true
FAN_00186,John Van Hieu,fan186@email.com,5317.72,30787,PLATINUM,+84-92091089,Address 186,2025-11-06,C,44,6062.56,true
FAN_00187,Do John Kim 66,fan187@email.com,3491.71,44919,PLATINUM,+84-95519424,Address 187,2025-05-26,VIP,4,788.33,true
FAN_00188,Marco Park Van Khanh,fan188@email.com,9340.37,20272,PLATINUM,+84-90140749,Address 188,2026-05-18,E,59,3675.89,true
FAN_00189,Yuki David Jones 38,fan189@email.com,6802.62,7093,GOLD,+84-98955433,Address 189,2026-12-20,C,2,333.09,true
FAN_00190,Vu Van Sang 44,fan190@email.com,2073.53,29157,PLATINUM,+84-92444685,Address 190,2026-04-04,F,92,2885.10,true
FAN_00191,Bui Pham Martinez,fan191@email.com,4416.72,24109,PLATINUM,+84-90447590,Address 191,2024-04-11,A,35,1636.35,true
FAN_00192,Mohammed Ahmed Oliveira 51,fan192@email.com,8737.50,50207,DIAMOND,+84-96601873,Address 192,2024-12-22,D,48,5867.47,true
FAN_00193,John Williams,fan193@email.com,4717.93,35582,PLATINUM,+84-93164485,Address 193,2024-07-04,A,42,6307.42,true
FAN_00194,John David Jones,fan194@email.com,1093.83,25443,PLATINUM,+84-95325381,Address 194,2025-07-02,VIP,38,2635.25,true
FAN_00195,William Williams,fan195@email.com,9367.06,52104,DIAMOND,+84-93684985,Address 195,2025-02-28,C,40,7886.40,true
FAN_00196,Ahmed Nguyen Van Duc 20,fan196@email.com,2352.37,5456,GOLD,+84-99795652,Address 196,2026-06-26,A,75,13785.21,true
FAN_00197,Antonio Van Minh 64,fan197@email.com,5481.59,51957,DIAMOND,+84-90934524,Address 197,2025-11-02,B,53,6955.74,true
FAN_00198,Mohammed Ahmed Johnson,fan198@email.com,7718.85,26839,PLATINUM,+84-97155167,Address 198,2026-02-06,E,12,2069.84,true
FAN_00199,Lee John Johnson 58,fan199@email.com,3949.05,34715,PLATINUM,+84-97892064,Address 199,2026-08-05,VIP,68,11693.89,true
FAN_00200,Michael Pedro Van Minh 1,fan200@email.com,7654.31,10082,GOLD,+84-96031560,Address 200,2025-06-09,A,96,9301.83,true
FAN_00201,Le Brown,fan201@email.com,1633.06,7820,GOLD,+84-93953212,Address 201,2025-03-15,A,34,5171.80,true
FAN_00202,Mohammed Carlos Van Duc,fan202@email.com,3682.47,30715,PLATINUM,+84-94228415,Address 202,2026-12-19,E,41,5927.02,true
FAN_00203,Marco David Van Khanh 73,fan203@email.com,3690.29,3391,SILVER,+84-95709518,Address 203,2025-12-04,E,34,2145.19,true
FAN_00204,Le Pham Van Duc,fan204@email.com,3674.36,43406,PLATINUM,+84-97689960,Address 204,2025-10-12,A,46,8426.89,true
FAN_00205,Bui Luis Takahashi,fan205@email.com,4624.36,3423,SILVER,+84-90318111,Address 205,2024-05-14,VIP,49,8758.68,true
FAN_00206,William Costa 43,fan206@email.com,4485.63,2243,SILVER,+84-94782356,Address 206,2026-02-25,E,48,2151.48,true
FAN_00207,Le Johnson 37,fan207@email.com,1231.35,7118,GOLD,+84-94667399,Address 207,2026-10-20,C,44,5607.92,true
FAN_00208,Do Nguyen Smith 58,fan208@email.com,1003.01,9496,GOLD,+84-91580211,Address 208,2026-06-09,B,87,7360.67,true
FAN_00209,Bui John Jones 45,fan209@email.com,7618.55,43069,PLATINUM,+84-95163605,Address 209,2025-01-22,B,60,10465.89,true
FAN_00210,Do Vu Brown 35,fan210@email.com,7600.13,19099,PLATINUM,+84-96376019,Address 210,2025-04-04,C,86,14474.36,true
FAN_00211,Vu Dang Martinez,fan211@email.com,5201.71,21182,PLATINUM,+84-98331733,Address 211,2026-02-26,VIP,88,12654.95,true
FAN_00212,Carlos Takahashi,fan212@email.com,9361.96,43130,PLATINUM,+84-92209946,Address 212,2026-03-13,E,86,8111.55,true
FAN_00213,Carlos Van Sang 66,fan213@email.com,9375.21,34901,PLATINUM,+84-97911914,Address 213,2026-06-10,F,37,5411.34,true
FAN_00214,Yuki John Santos 47,fan214@email.com,5490.45,39399,PLATINUM,+84-98119391,Address 214,2025-04-15,C,53,5301.59,true
FAN_00215,Robert James Oliveira,fan215@email.com,3081.32,39468,PLATINUM,+84-97708778,Address 215,2025-06-16,VIP,29,2612.51,true
FAN_00216,Ahmed Garcia,fan216@email.com,9982.04,23136,PLATINUM,+84-99916851,Address 216,2024-10-18,A,70,6374.53,true
FAN_00217,James Silva,fan217@email.com,8605.43,6015,GOLD,+84-98317477,Address 217,2025-03-16,C,36,4305.34,true
FAN_00218,Le Pham Van Hieu,fan218@email.com,5599.69,57599,DIAMOND,+84-99925673,Address 218,2026-08-24,A,56,4032.13,true
FAN_00219,Tran Mohammed Jones 16,fan219@email.com,8795.08,44222,PLATINUM,+84-92879971,Address 219,2026-09-14,E,5,183.03,true
FAN_00220,Pham Ahmed Oliveira 82,fan220@email.com,8546.22,6974,GOLD,+84-96895823,Address 220,2024-03-01,B,65,10349.06,true
FAN_00221,Michael Bui Park 92,fan221@email.com,3328.73,35303,PLATINUM,+84-95197430,Address 221,2025-07-06,F,54,4371.65,true
FAN_00222,Pham Williams 59,fan222@email.com,7355.23,43082,PLATINUM,+84-94188964,Address 222,2024-03-04,A,21,1297.02,true
FAN_00223,Nguyen Garcia 44,fan223@email.com,3670.69,19136,PLATINUM,+84-97396796,Address 223,2024-05-21,F,8,266.75,true
FAN_00224,Mohammed Lee Williams 38,fan224@email.com,9291.49,1022,SILVER,+84-96966043,Address 224,2025-05-14,D,25,3066.25,true
FAN_00225,Ahmed Tran Santos,fan225@email.com,3359.18,11559,GOLD,+84-99740847,Address 225,2025-10-01,F,18,2778.34,true
FAN_00226,Antonio Jones,fan226@email.com,5577.37,20137,PLATINUM,+84-97646486,Address 226,2025-03-24,C,87,14962.05,true
FAN_00227,Marco Garcia 56,fan227@email.com,8277.82,7681,GOLD,+84-99730442,Address 227,2025-04-07,B,54,10643.50,true
FAN_00228,Pham Dang Van Hieu,fan228@email.com,2283.94,9814,GOLD,+84-92584609,Address 228,2026-10-27,B,53,10029.09,true
FAN_00229,Luis Martinez 98,fan229@email.com,5282.09,42256,PLATINUM,+84-94481402,Address 229,2026-12-15,VIP,27,3643.53,true
FAN_00230,Do Nguyen Choi,fan230@email.com,1143.20,33754,PLATINUM,+84-92073683,Address 230,2024-01-17,A,37,5543.14,true
FAN_00231,John Oliveira 28,fan231@email.com,5358.61,24250,PLATINUM,+84-97962507,Address 231,2026-08-10,D,4,303.70,true
FAN_00232,Luis Williams 47,fan232@email.com,5952.93,49563,PLATINUM,+84-92860448,Address 232,2026-02-27,D,61,2658.96,true
FAN_00233,Thomas Van Hieu,fan233@email.com,9728.22,7089,GOLD,+84-93685347,Address 233,2026-11-27,F,79,5396.28,true
FAN_00234,Kim Bui Brown,fan234@email.com,4814.12,39387,PLATINUM,+84-96933820,Address 234,2026-07-25,D,16,1389.18,true
FAN_00235,Do Vu Williams,fan235@email.com,4244.48,43103,PLATINUM,+84-92833389,Address 235,2025-11-02,D,81,6352.47,true
FAN_00236,William Park Brown,fan236@email.com,5236.23,664,BRONZE,+84-94132833,Address 236,2026-05-17,F,99,7036.98,true
FAN_00237,Ahmed Luis Van Khanh 13,fan237@email.com,3067.09,55518,DIAMOND,+84-94068745,Address 237,2026-12-27,VIP,57,8206.02,true
FAN_00238,Marco Williams,fan238@email.com,2919.66,9617,GOLD,+84-98840910,Address 238,2025-12-18,B,51,3532.69,true
FAN_00239,Dang Kim Van Sang,fan239@email.com,3886.37,41030,PLATINUM,+84-92097849,Address 239,2026-12-10,C,23,3115.77,true
FAN_00240,Tran Garcia 69,fan240@email.com,6984.22,54202,DIAMOND,+84-95816904,Address 240,2026-02-05,VIP,77,7236.11,true
FAN_00241,Do Van Sang 2,fan241@email.com,3760.67,51847,DIAMOND,+84-95890819,Address 241,2026-12-18,B,47,6762.78,true
FAN_00242,Dang Robert Silva 8,fan242@email.com,190.58,28402,PLATINUM,+84-92076298,Address 242,2026-01-02,VIP,45,2578.81,true
FAN_00243,Do Van Duc,fan243@email.com,3848.48,49879,PLATINUM,+84-96592959,Address 243,2025-01-27,D,39,2982.44,true
FAN_00244,Marco Brown 40,fan244@email.com,5733.50,6478,GOLD,+84-95221361,Address 244,2024-04-18,C,2,256.72,true
FAN_00245,Vu Choi 24,fan245@email.com,4880.25,47593,PLATINUM,+84-97311153,Address 245,2024-01-07,B,19,943.35,true
FAN_00246,Michael Silva,fan246@email.com,1712.21,58578,DIAMOND,+84-99685473,Address 246,2025-05-08,B,2,120.26,true
FAN_00247,Luis Mohammed Tanaka 32,fan247@email.com,9822.48,46705,PLATINUM,+84-93275677,Address 247,2026-06-06,A,74,5759.71,true
FAN_00248,Mohammed Park Smith 90,fan248@email.com,3260.98,7514,GOLD,+84-95291171,Address 248,2024-10-16,B,12,1722.55,true
FAN_00249,Luong Antonio Santos 3,fan249@email.com,899.02,6146,GOLD,+84-97151748,Address 249,2026-07-22,C,22,1988.78,true
FAN_00250,Marco Johnson 75,fan250@email.com,5674.86,59780,DIAMOND,+84-97025975,Address 250,2024-10-25,F,77,11795.66,true
FAN_00251,Luong Michael Smith,fan251@email.com,9298.86,52678,DIAMOND,+84-98699374,Address 251,2026-11-09,VIP,61,9437.08,true
FAN_00252,Ahmed Pham Smith 83,fan252@email.com,9748.39,58118,DIAMOND,+84-94171886,Address 252,2025-11-13,VIP,19,3734.89,true
FAN_00253,Lee Martinez 98,fan253@email.com,2336.66,35612,PLATINUM,+84-90076643,Address 253,2026-02-14,VIP,44,5049.60,true
FAN_00254,Thomas Marco Martinez,fan254@email.com,6162.28,57419,DIAMOND,+84-94561097,Address 254,2026-09-23,C,45,2947.28,true
FAN_00255,Mohammed Van Duc 58,fan255@email.com,7457.93,42769,PLATINUM,+84-92291683,Address 255,2024-01-13,B,58,10756.60,true
FAN_00256,Pham David Choi 21,fan256@email.com,6988.99,19987,PLATINUM,+84-97944278,Address 256,2026-08-09,A,69,8115.81,true
FAN_00257,Carlos Rodriguez,fan257@email.com,8344.52,28050,PLATINUM,+84-98328796,Address 257,2024-06-12,A,40,2851.11,true
FAN_00258,James Jones 80,fan258@email.com,1660.84,24422,PLATINUM,+84-97274464,Address 258,2024-07-27,B,73,5327.32,true
FAN_00259,Le John Brown 25,fan259@email.com,7998.35,40514,PLATINUM,+84-94040414,Address 259,2026-12-10,A,4,407.54,true
FAN_00260,Nguyen Do Kim,fan260@email.com,972.22,996,BRONZE,+84-98149674,Address 260,2026-12-27,B,52,10060.78,true
FAN_00261,Nguyen Yuki Van Minh,fan261@email.com,3620.87,11977,GOLD,+84-93603866,Address 261,2026-08-08,A,45,7838.80,true
FAN_00262,Lee Luong Jones 85,fan262@email.com,1693.46,21249,PLATINUM,+84-92141098,Address 262,2026-12-27,E,50,9631.44,true
FAN_00263,Luong Luong Van Duc,fan263@email.com,129.85,11886,GOLD,+84-96234418,Address 263,2025-07-28,E,3,421.01,true
FAN_00264,Marco Johnson,fan264@email.com,7500.68,3665,SILVER,+84-95891138,Address 264,2025-12-06,D,34,4065.93,true
FAN_00265,Carlos Tanaka,fan265@email.com,3150.50,41770,PLATINUM,+84-98415227,Address 265,2024-02-10,A,78,5608.05,true
FAN_00266,Mohammed Kenji Van Hieu,fan266@email.com,3745.88,50658,DIAMOND,+84-99899390,Address 266,2025-08-17,E,50,2284.53,true
FAN_00267,Thomas Martinez,fan267@email.com,3863.61,49902,PLATINUM,+84-97366923,Address 267,2024-05-04,B,30,1133.87,true
FAN_00268,Thomas Luis Brown,fan268@email.com,9321.32,22072,PLATINUM,+84-93491017,Address 268,2024-02-07,A,97,10901.44,true
FAN_00269,James David Costa 94,fan269@email.com,3037.13,25022,PLATINUM,+84-94155480,Address 269,2024-10-04,A,24,2778.54,true
FAN_00270,Marco Kim 87,fan270@email.com,1791.05,1164,SILVER,+84-90292766,Address 270,2024-09-22,B,33,5217.43,true
FAN_00271,Robert Michael Van Minh 29,fan271@email.com,2733.41,50606,DIAMOND,+84-98287462,Address 271,2026-08-15,F,32,5843.80,true
FAN_00272,John Ahmed Van Sang 53,fan272@email.com,1788.44,39093,PLATINUM,+84-98303475,Address 272,2026-11-13,D,82,12485.87,true
FAN_00273,Michael Park Tanaka 79,fan273@email.com,9199.33,5294,GOLD,+84-93706891,Address 273,2025-01-22,D,72,8889.57,true
FAN_00274,Kim Tanaka 76,fan274@email.com,6569.93,11416,GOLD,+84-92768265,Address 274,2025-11-16,VIP,60,9713.20,true
FAN_00275,Ahmed Bui Van Duc,fan275@email.com,6719.67,5687,GOLD,+84-98425614,Address 275,2026-02-17,C,59,11076.87,true
FAN_00276,Robert Kim Williams 52,fan276@email.com,9779.12,11205,GOLD,+84-93433166,Address 276,2026-05-25,C,62,7027.69,true
FAN_00277,Michael David Van Duc 18,fan277@email.com,3833.21,39269,PLATINUM,+84-95280596,Address 277,2026-05-17,A,42,1459.36,true
FAN_00278,Antonio Robert Takahashi,fan278@email.com,6517.00,7810,GOLD,+84-97593015,Address 278,2026-04-13,F,41,6308.53,true
FAN_00279,Luong Kim Costa 8,fan279@email.com,6251.04,14779,GOLD,+84-93834597,Address 279,2024-04-13,D,18,1268.88,true
FAN_00280,Kenji Brown,fan280@email.com,3162.59,9779,GOLD,+84-96725072,Address 280,2025-02-08,B,41,1705.82,true
FAN_00281,Kim Oliveira 11,fan281@email.com,7847.92,40792,PLATINUM,+84-97722052,Address 281,2024-12-16,E,27,1528.70,true
FAN_00282,Nguyen Costa,fan282@email.com,2517.26,9650,GOLD,+84-90971398,Address 282,2025-04-09,VIP,58,10545.54,true
FAN_00283,Lee Bui Johnson 73,fan283@email.com,4602.50,26005,PLATINUM,+84-99601730,Address 283,2024-03-12,A,18,2358.54,true
FAN_00284,Do Tran Costa 91,fan284@email.com,8992.86,9577,GOLD,+84-97102842,Address 284,2024-01-26,B,79,14719.68,true
FAN_00285,James Yuki Martinez 96,fan285@email.com,4951.70,10803,GOLD,+84-98393684,Address 285,2025-10-02,F,31,2991.32,true
FAN_00286,Carlos David Garcia,fan286@email.com,3904.94,53680,DIAMOND,+84-97991689,Address 286,2026-05-20,VIP,13,1228.17,true
FAN_00287,David Tanaka 88,fan287@email.com,5996.54,46398,PLATINUM,+84-97300543,Address 287,2026-09-21,D,61,12028.53,true
FAN_00288,Michael Van Sang 4,fan288@email.com,1792.43,19465,PLATINUM,+84-96899496,Address 288,2025-09-09,A,46,3254.11,true
FAN_00289,James Nguyen Williams 29,fan289@email.com,6992.23,33304,PLATINUM,+84-93340025,Address 289,2026-06-22,A,6,431.34,true
FAN_00290,Marco Pham Martinez 69,fan290@email.com,3647.57,11544,GOLD,+84-94455933,Address 290,2026-03-10,B,79,8200.69,true
FAN_00291,Pham Van Hieu 8,fan291@email.com,5655.66,59743,DIAMOND,+84-93554313,Address 291,2024-05-04,VIP,84,3533.18,true
FAN_00292,Kenji Jones,fan292@email.com,2289.89,39427,PLATINUM,+84-98980239,Address 292,2026-06-21,A,65,11636.55,true
FAN_00293,David Le Van Duc 3,fan293@email.com,347.49,21129,PLATINUM,+84-92767463,Address 293,2025-02-24,C,88,13383.93,true
FAN_00294,Lee Tran Choi,fan294@email.com,7991.83,7149,GOLD,+84-90875655,Address 294,2024-07-07,D,93,8367.00,true
FAN_00295,Le Smith 69,fan295@email.com,2391.70,9051,GOLD,+84-95697669,Address 295,2025-10-04,F,65,4551.07,true
FAN_00296,David Vu Van Sang,fan296@email.com,2106.70,29748,PLATINUM,+84-94327065,Address 296,2026-10-17,F,38,5519.57,true
FAN_00297,Antonio Kim,fan297@email.com,5351.66,49303,PLATINUM,+84-91531193,Address 297,2025-03-02,C,84,12825.50,true
FAN_00298,Park Robert Garcia 22,fan298@email.com,6746.19,53353,DIAMOND,+84-91029241,Address 298,2024-03-10,E,41,4239.62,true
FAN_00299,Marco Nguyen Park,fan299@email.com,2676.50,51078,DIAMOND,+84-92182610,Address 299,2024-12-19,A,84,8778.96,true
FAN_00300,Dang Costa,fan300@email.com,6702.02,26967,PLATINUM,+84-92149456,Address 300,2025-07-08,C,47,3553.65,true
FAN_00301,Yuki Costa,fan301@email.com,4416.78,45611,PLATINUM,+84-94600722,Address 301,2026-11-04,VIP,5,297.45,true
FAN_00302,Park Tran Kim,fan302@email.com,552.79,21295,PLATINUM,+84-90448386,Address 302,2025-09-04,B,15,1667.61,true
FAN_00303,Marco Van Sang,fan303@email.com,1521.06,43461,PLATINUM,+84-95223179,Address 303,2026-11-23,VIP,29,3735.69,true
FAN_00304,Vu Ahmed Park,fan304@email.com,4224.30,8897,GOLD,+84-99689612,Address 304,2024-03-10,F,23,3182.23,true
FAN_00305,Luis Van Khanh,fan305@email.com,1086.17,2751,SILVER,+84-99062489,Address 305,2025-12-10,F,16,791.26,true
FAN_00306,Bui David Van Duc,fan306@email.com,8169.10,37911,PLATINUM,+84-98357466,Address 306,2024-10-07,VIP,44,3323.81,true
FAN_00307,William Kenji Van Minh,fan307@email.com,1167.28,14043,GOLD,+84-90512947,Address 307,2026-08-22,VIP,78,11053.04,true
FAN_00308,Marco Michael Williams,fan308@email.com,519.76,35878,PLATINUM,+84-94258738,Address 308,2026-01-26,D,38,7010.88,true
FAN_00309,Marco Van Minh,fan309@email.com,9033.84,34283,PLATINUM,+84-97231566,Address 309,2024-10-11,VIP,16,1860.97,true
FAN_00310,Hoang Hoang Van Hieu 23,fan310@email.com,8650.42,26382,PLATINUM,+84-90212606,Address 310,2026-10-12,F,65,10651.13,true
FAN_00311,William Hoang Rodriguez 99,fan311@email.com,5854.33,57800,DIAMOND,+84-92044285,Address 311,2024-05-14,E,75,7229.15,true
FAN_00312,Nguyen Le Van Hieu,fan312@email.com,9857.92,50226,DIAMOND,+84-92634346,Address 312,2026-07-04,A,11,1155.67,true
FAN_00313,Michael Dang Van Khanh 30,fan313@email.com,9606.34,8075,GOLD,+84-99885104,Address 313,2025-04-26,E,77,14281.74,true
FAN_00314,Dang Van Hieu 39,fan314@email.com,9267.03,5551,GOLD,+84-95017106,Address 314,2025-04-18,VIP,55,9065.55,true
FAN_00315,John Silva,fan315@email.com,3896.68,43907,PLATINUM,+84-99416834,Address 315,2025-10-28,VIP,62,7748.99,true
FAN_00316,Nguyen Lee Brown,fan316@email.com,4752.13,51328,DIAMOND,+84-98202064,Address 316,2026-01-17,B,47,5511.76,true
FAN_00317,Michael Robert Park,fan317@email.com,232.22,293,BRONZE,+84-90143781,Address 317,2026-07-07,C,58,3283.47,true
FAN_00318,Luong Choi 23,fan318@email.com,4848.79,24898,PLATINUM,+84-99904047,Address 318,2025-08-03,A,74,4467.21,true
FAN_00319,Kenji Smith,fan319@email.com,3477.55,15832,PLATINUM,+84-99625445,Address 319,2024-12-20,VIP,11,2122.61,true
FAN_00320,Vu Le Smith 20,fan320@email.com,868.74,16028,PLATINUM,+84-92094384,Address 320,2024-04-09,D,51,1667.46,true
FAN_00321,Luong Choi 59,fan321@email.com,2878.78,11478,GOLD,+84-96104993,Address 321,2025-09-16,B,96,10667.54,true
FAN_00322,Park David Tanaka,fan322@email.com,4634.81,17250,PLATINUM,+84-94122168,Address 322,2026-03-16,D,94,7359.28,true
FAN_00323,Pedro Johnson,fan323@email.com,6666.13,3601,SILVER,+84-98972462,Address 323,2024-09-19,F,80,11060.52,true
FAN_00324,Park Rodriguez 97,fan324@email.com,8125.30,52124,DIAMOND,+84-94609608,Address 324,2024-07-17,E,72,11025.39,true
FAN_00325,Pham Van Hieu 1,fan325@email.com,7258.73,6702,GOLD,+84-91854046,Address 325,2026-11-05,F,84,13116.07,true
FAN_00326,Pedro Park,fan326@email.com,8389.05,56379,DIAMOND,+84-96384671,Address 326,2024-08-28,F,87,11816.24,true
FAN_00327,Le Pham Johnson 60,fan327@email.com,666.59,2311,SILVER,+84-94958301,Address 327,2025-03-19,F,77,10409.57,true
FAN_00328,David Costa,fan328@email.com,600.38,40415,PLATINUM,+84-93422559,Address 328,2026-11-15,F,71,9542.52,true
FAN_00329,John Van Duc,fan329@email.com,2177.02,24843,PLATINUM,+84-94062714,Address 329,2025-05-07,E,33,1920.29,true
FAN_00330,John Yuki Van Sang 3,fan330@email.com,9390.97,8381,GOLD,+84-90052448,Address 330,2026-06-12,C,49,4007.19,true
FAN_00331,Bui Ahmed Van Hieu,fan331@email.com,7279.38,18484,PLATINUM,+84-99027834,Address 331,2025-03-23,F,10,1863.21,true
FAN_00332,Robert Carlos Takahashi 86,fan332@email.com,6448.46,44870,PLATINUM,+84-93212458,Address 332,2025-04-28,A,26,5072.02,true
FAN_00333,Thomas Bui Kim 7,fan333@email.com,9471.60,9202,GOLD,+84-99533153,Address 333,2025-11-28,A,38,5967.63,true
FAN_00334,Thomas Costa 59,fan334@email.com,5310.41,48186,PLATINUM,+84-91807185,Address 334,2025-05-19,A,70,7426.96,true
FAN_00335,Ahmed Luong Garcia 99,fan335@email.com,3811.13,56937,DIAMOND,+84-99803461,Address 335,2026-06-22,D,32,5029.12,true
FAN_00336,Vu Vu Jones 70,fan336@email.com,5208.56,28177,PLATINUM,+84-90323645,Address 336,2024-09-18,VIP,22,3072.53,true
FAN_00337,David Luong Oliveira 1,fan337@email.com,7978.16,18149,PLATINUM,+84-97666338,Address 337,2024-04-15,D,37,1277.76,true
FAN_00338,Luong William Williams 98,fan338@email.com,4509.49,46566,PLATINUM,+84-94155993,Address 338,2024-06-05,E,28,5528.44,true
FAN_00339,Mohammed Yuki Silva 83,fan339@email.com,5987.25,25086,PLATINUM,+84-99987419,Address 339,2024-11-01,E,43,8261.61,true
FAN_00340,Ahmed Yuki Smith,fan340@email.com,3002.24,55610,DIAMOND,+84-99282647,Address 340,2026-07-19,C,38,3868.10,true
FAN_00341,Kim Mohammed Brown,fan341@email.com,6659.42,29250,PLATINUM,+84-98980257,Address 341,2024-08-07,F,69,10566.40,true
FAN_00342,Yuki Nguyen Van Sang 39,fan342@email.com,9776.87,5395,GOLD,+84-94365542,Address 342,2025-05-26,A,59,8683.05,true
FAN_00343,John Thomas Tanaka,fan343@email.com,1186.15,29319,PLATINUM,+84-90725810,Address 343,2025-06-28,E,19,2430.14,true
FAN_00344,Robert Jones 25,fan344@email.com,8714.74,27289,PLATINUM,+84-98633630,Address 344,2026-07-08,F,91,10756.02,true
FAN_00345,Kim Martinez,fan345@email.com,8961.32,27698,PLATINUM,+84-96517442,Address 345,2024-09-24,B,10,1744.62,true
FAN_00346,Kenji James Choi 91,fan346@email.com,1819.93,15998,PLATINUM,+84-99949592,Address 346,2026-09-05,VIP,30,4199.95,true
FAN_00347,Tran Van Khanh,fan347@email.com,8406.32,10566,GOLD,+84-92144070,Address 347,2026-02-27,C,1,74.99,true
FAN_00348,Tran Tanaka,fan348@email.com,2790.01,18359,PLATINUM,+84-98185631,Address 348,2025-07-26,D,1,91.10,true
FAN_00349,Pham Marco Oliveira,fan349@email.com,1816.05,27243,PLATINUM,+84-90873703,Address 349,2024-01-19,B,37,7068.18,true
FAN_00350,James Tran Van Duc,fan350@email.com,1717.21,28179,PLATINUM,+84-93508563,Address 350,2026-09-08,A,56,5154.27,true
FAN_00351,Lee Martinez,fan351@email.com,4311.19,12056,GOLD,+84-91790661,Address 351,2025-03-15,D,78,3748.46,true
FAN_00352,Kim Costa 72,fan352@email.com,9720.21,36180,PLATINUM,+84-96155321,Address 352,2024-10-17,D,30,3099.94,true
FAN_00353,Do Le Santos,fan353@email.com,7838.82,35928,PLATINUM,+84-90240772,Address 353,2025-04-02,E,35,6886.42,true
FAN_00354,Nguyen Smith,fan354@email.com,4617.98,14845,GOLD,+84-95380451,Address 354,2024-05-03,B,58,9634.01,true
FAN_00355,Mohammed Brown,fan355@email.com,1594.00,57621,DIAMOND,+84-97482558,Address 355,2025-03-27,B,3,345.60,true
FAN_00356,Luong Silva 12,fan356@email.com,7266.40,51722,DIAMOND,+84-91895325,Address 356,2024-12-22,A,40,1561.41,true
FAN_00357,Mohammed Kenji Kim,fan357@email.com,7338.33,19259,PLATINUM,+84-91450156,Address 357,2026-06-27,B,58,8544.74,true
FAN_00358,Mohammed Van Sang,fan358@email.com,1626.32,56580,DIAMOND,+84-90457972,Address 358,2025-07-11,A,31,2044.83,true
FAN_00359,Kim Park,fan359@email.com,4043.25,7249,GOLD,+84-95480645,Address 359,2025-04-16,D,87,5500.20,true
FAN_00360,Luis Van Khanh,fan360@email.com,5622.51,29000,PLATINUM,+84-91563307,Address 360,2024-09-27,A,76,7652.89,true
FAN_00361,Mohammed John Williams,fan361@email.com,8562.27,35254,PLATINUM,+84-95461757,Address 361,2025-10-14,C,28,2452.07,true
FAN_00362,Robert Pedro Van Duc 2,fan362@email.com,2899.10,51713,DIAMOND,+84-94306486,Address 362,2025-07-26,B,1,106.80,true
FAN_00363,Michael Van Minh 85,fan363@email.com,1233.31,22413,PLATINUM,+84-99707952,Address 363,2026-09-26,D,65,12098.21,true
FAN_00364,Vu Le Takahashi 81,fan364@email.com,6341.10,16157,PLATINUM,+84-97001359,Address 364,2026-05-15,D,77,5675.47,true
FAN_00365,Kim Kenji Park 8,fan365@email.com,3378.64,25151,PLATINUM,+84-90028622,Address 365,2025-04-12,E,0,0.00,true
FAN_00366,Park Tran Van Hieu 67,fan366@email.com,9796.15,49933,PLATINUM,+84-99838255,Address 366,2024-05-28,D,82,9386.51,true
FAN_00367,Ahmed Williams 24,fan367@email.com,4667.79,9813,GOLD,+84-98245423,Address 367,2026-08-13,VIP,60,2201.68,true
FAN_00368,Michael Santos 26,fan368@email.com,5343.71,12857,GOLD,+84-97487198,Address 368,2024-07-08,E,34,4243.80,true
FAN_00369,William Van Duc 84,fan369@email.com,3503.25,49419,PLATINUM,+84-98953181,Address 369,2024-02-13,VIP,15,1890.49,true
FAN_00370,Mohammed Jones 86,fan370@email.com,8911.75,39869,PLATINUM,+84-90782187,Address 370,2025-01-13,B,85,3492.31,true
FAN_00371,Luong Tran Brown 62,fan371@email.com,4259.97,45258,PLATINUM,+84-95619225,Address 371,2026-12-10,D,27,1068.31,true
FAN_00372,Robert Lee Brown,fan372@email.com,5579.09,37754,PLATINUM,+84-94946262,Address 372,2025-10-05,E,6,696.24,true
FAN_00373,Vu Smith 15,fan373@email.com,4624.41,35452,PLATINUM,+84-91401709,Address 373,2026-06-01,A,87,12477.79,true
FAN_00374,Vu Martinez 9,fan374@email.com,1996.97,9647,GOLD,+84-94108372,Address 374,2025-05-11,VIP,97,5224.31,true
FAN_00375,Yuki Van Minh 42,fan375@email.com,3267.86,41781,PLATINUM,+84-98981538,Address 375,2026-02-01,D,32,976.86,true
FAN_00376,Kim Choi,fan376@email.com,9628.11,8415,GOLD,+84-96092398,Address 376,2026-08-08,VIP,77,5655.87,true
FAN_00377,William Smith,fan377@email.com,5275.57,49221,PLATINUM,+84-98502747,Address 377,2026-03-08,E,22,765.60,true
FAN_00378,Park Hoang Van Sang,fan378@email.com,137.87,36354,PLATINUM,+84-93520427,Address 378,2025-10-08,E,59,8956.34,true
FAN_00379,John Brown,fan379@email.com,9041.37,2686,SILVER,+84-92826861,Address 379,2026-06-20,C,63,12587.98,true
FAN_00380,Lee Luis Van Hieu 3,fan380@email.com,1181.40,27955,PLATINUM,+84-99995186,Address 380,2025-12-04,A,99,4768.07,true
FAN_00381,Thomas Tanaka,fan381@email.com,2686.82,30485,PLATINUM,+84-90353505,Address 381,2025-12-24,VIP,91,17343.73,true
FAN_00382,Pham Tanaka,fan382@email.com,2953.44,37520,PLATINUM,+84-93162524,Address 382,2025-07-05,D,61,6333.69,true
FAN_00383,Lee Tran Tanaka,fan383@email.com,3500.72,45968,PLATINUM,+84-93187210,Address 383,2026-06-10,A,1,111.88,true
FAN_00384,Luong Luong Johnson,fan384@email.com,2571.66,45243,PLATINUM,+84-91444396,Address 384,2025-06-19,A,28,5464.75,true
FAN_00385,Luong Bui Silva,fan385@email.com,1333.78,6347,GOLD,+84-94662128,Address 385,2024-09-01,C,73,14224.00,true
FAN_00386,David Robert Park 53,fan386@email.com,3538.01,6374,GOLD,+84-90752302,Address 386,2026-11-05,B,73,9629.77,true
FAN_00387,Pham Le Oliveira 58,fan387@email.com,1788.56,42640,PLATINUM,+84-99233280,Address 387,2026-03-02,B,0,0.00,true
FAN_00388,Bui Do Rodriguez 70,fan388@email.com,3838.77,55318,DIAMOND,+84-96833138,Address 388,2024-02-21,C,73,14441.47,true
FAN_00389,Nguyen Luis Park,fan389@email.com,4090.68,20748,PLATINUM,+84-98233935,Address 389,2025-11-04,F,21,965.78,true
FAN_00390,Mohammed Van Duc 12,fan390@email.com,7886.08,26389,PLATINUM,+84-99502853,Address 390,2026-03-18,D,58,8794.95,true
FAN_00391,Vu Carlos Martinez,fan391@email.com,8793.65,4834,SILVER,+84-99032566,Address 391,2025-06-11,A,24,2144.38,true
FAN_00392,Nguyen Choi,fan392@email.com,5210.89,43080,PLATINUM,+84-91227047,Address 392,2025-09-04,VIP,3,408.84,true
FAN_00393,Hoang Vu Jones 61,fan393@email.com,7747.85,45590,PLATINUM,+84-93427882,Address 393,2024-02-22,F,99,12373.32,true
FAN_00394,Lee Tanaka 34,fan394@email.com,4018.11,36258,PLATINUM,+84-91443149,Address 394,2026-12-09,VIP,22,4302.70,true
FAN_00395,John Hoang Jones,fan395@email.com,5412.12,42876,PLATINUM,+84-97241837,Address 395,2026-03-16,E,92,15967.60,true
FAN_00396,Carlos Kim,fan396@email.com,5107.97,21913,PLATINUM,+84-98786488,Address 396,2025-02-08,D,56,6756.16,true
FAN_00397,Dang Kim 28,fan397@email.com,1472.67,42757,PLATINUM,+84-94223880,Address 397,2024-09-10,VIP,62,7205.42,true
FAN_00398,Vu Park 91,fan398@email.com,1687.61,37677,PLATINUM,+84-95943775,Address 398,2026-10-19,C,36,6893.09,true
FAN_00399,Yuki Johnson 25,fan399@email.com,3504.03,11070,GOLD,+84-95256654,Address 399,2024-05-27,C,97,15460.90,true
FAN_00400,Thomas Luis Van Khanh,fan400@email.com,5042.40,2628,SILVER,+84-95821065,Address 400,2026-07-06,B,66,3470.16,true
FAN_00401,James Antonio Silva,fan401@email.com,4222.11,10443,GOLD,+84-93269602,Address 401,2024-03-05,E,55,6845.08,true
FAN_00402,Vu Silva 8,fan402@email.com,8715.19,13825,GOLD,+84-92432075,Address 402,2025-04-17,B,70,2214.16,true
FAN_00403,Kim Nguyen Van Khanh 6,fan403@email.com,9679.48,58872,DIAMOND,+84-93481318,Address 403,2025-01-27,D,12,782.16,true
FAN_00404,Pedro Kim Van Duc 20,fan404@email.com,7572.12,20701,PLATINUM,+84-92642745,Address 404,2026-09-24,C,89,14399.42,true
FAN_00405,Do Kim,fan405@email.com,8374.28,16163,PLATINUM,+84-92782516,Address 405,2026-06-15,C,73,5790.28,true
FAN_00406,Bui Nguyen Choi 88,fan406@email.com,9570.69,52302,DIAMOND,+84-91851577,Address 406,2025-02-23,E,98,7612.99,true
FAN_00407,Bui Yuki Johnson,fan407@email.com,6745.47,9290,GOLD,+84-90034112,Address 407,2025-03-19,B,73,3692.91,true
FAN_00408,Tran Ahmed Santos 83,fan408@email.com,3785.65,2676,SILVER,+84-95980131,Address 408,2026-01-28,A,8,1315.56,true
FAN_00409,John Tran Kim 59,fan409@email.com,450.50,45415,PLATINUM,+84-92498105,Address 409,2024-12-21,C,45,4474.05,true
FAN_00410,Do Pham Silva 93,fan410@email.com,5255.42,14795,GOLD,+84-95349272,Address 410,2025-07-06,B,41,6197.50,true
FAN_00411,Pedro Dang Van Duc,fan411@email.com,9803.01,34602,PLATINUM,+84-96360908,Address 411,2025-10-03,D,54,10186.26,true
FAN_00412,James Lee Tanaka,fan412@email.com,7131.32,11055,GOLD,+84-99603105,Address 412,2024-10-20,C,13,969.67,true
FAN_00413,Lee Le Kim,fan413@email.com,3816.68,27095,PLATINUM,+84-98341058,Address 413,2024-08-28,F,89,13395.49,true
FAN_00414,Yuki Luis Costa,fan414@email.com,7431.11,58618,DIAMOND,+84-90652661,Address 414,2024-09-05,E,64,8404.37,true
FAN_00415,Yuki Marco Santos,fan415@email.com,9811.25,40180,PLATINUM,+84-90752548,Address 415,2025-01-02,C,46,8851.74,true
FAN_00416,Kenji Michael Martinez 9,fan416@email.com,8843.92,51927,DIAMOND,+84-91141497,Address 416,2026-02-17,A,36,1689.81,true
FAN_00417,Vu Tanaka 79,fan417@email.com,2416.93,36055,PLATINUM,+84-90835672,Address 417,2024-02-24,C,4,527.20,true
FAN_00418,Tran Robert Van Duc,fan418@email.com,1980.64,39244,PLATINUM,+84-91741499,Address 418,2025-06-25,B,55,9831.84,true
FAN_00419,Hoang John Brown 45,fan419@email.com,7779.01,24290,PLATINUM,+84-96710105,Address 419,2025-11-11,E,56,9876.11,true
FAN_00420,David Kenji Van Hieu 75,fan420@email.com,6707.43,37152,PLATINUM,+84-93280622,Address 420,2026-01-08,C,41,2398.38,true
FAN_00421,Pham Pham Park 62,fan421@email.com,7329.36,57188,DIAMOND,+84-98484069,Address 421,2025-01-05,F,94,14719.53,true
FAN_00422,Hoang Pham Van Duc,fan422@email.com,2147.47,30162,PLATINUM,+84-99348825,Address 422,2025-11-02,C,65,6517.07,true
FAN_00423,James Garcia,fan423@email.com,4724.24,43069,PLATINUM,+84-97603163,Address 423,2025-11-18,E,50,9756.29,true
FAN_00424,Antonio Do Tanaka 65,fan424@email.com,217.15,10688,GOLD,+84-91293190,Address 424,2025-03-05,VIP,40,1257.93,true
FAN_00425,Hoang Jones,fan425@email.com,3686.69,22514,PLATINUM,+84-91895684,Address 425,2026-11-21,E,8,459.62,true
FAN_00426,Le Ahmed Oliveira 27,fan426@email.com,2892.58,58250,DIAMOND,+84-99338353,Address 426,2025-07-17,VIP,71,2924.31,true
FAN_00427,Antonio Nguyen Van Duc,fan427@email.com,7599.49,15636,PLATINUM,+84-97621323,Address 427,2024-12-12,C,10,1803.13,true
FAN_00428,James Kim,fan428@email.com,748.95,18093,PLATINUM,+84-90499205,Address 428,2024-07-24,C,70,6845.05,true
FAN_00429,Park Michael Van Sang 42,fan429@email.com,2837.18,23423,PLATINUM,+84-98754204,Address 429,2024-08-09,B,69,12056.83,true
FAN_00430,Nguyen Jones 56,fan430@email.com,3541.94,47077,PLATINUM,+84-99453716,Address 430,2025-01-28,VIP,26,1686.82,true
FAN_00431,Yuki Van Hieu,fan431@email.com,9062.62,38825,PLATINUM,+84-95819705,Address 431,2025-01-03,B,55,7915.37,true
FAN_00432,Antonio Robert Van Duc 31,fan432@email.com,3995.64,39166,PLATINUM,+84-94215251,Address 432,2024-03-22,VIP,41,2078.58,true
FAN_00433,John Luong Costa 99,fan433@email.com,8278.74,41884,PLATINUM,+84-90328570,Address 433,2025-03-24,F,55,1723.88,true
FAN_00434,Luis Pham Choi 75,fan434@email.com,4119.56,23652,PLATINUM,+84-93460677,Address 434,2024-11-28,A,91,4505.23,true
FAN_00435,Yuki Pham Silva 37,fan435@email.com,7206.13,54822,DIAMOND,+84-96431571,Address 435,2024-08-19,E,61,4072.05,true
FAN_00436,Kenji Kenji Jones,fan436@email.com,9489.05,57076,DIAMOND,+84-93679399,Address 436,2025-06-12,A,62,10782.69,true
FAN_00437,Yuki Kim 6,fan437@email.com,937.54,52469,DIAMOND,+84-92974481,Address 437,2024-07-05,VIP,51,5199.58,true
FAN_00438,Tran Thomas Park 28,fan438@email.com,6603.93,1213,SILVER,+84-95531909,Address 438,2026-03-11,C,83,13079.77,true
FAN_00439,Dang Le Van Minh 36,fan439@email.com,4373.89,10661,GOLD,+84-99292488,Address 439,2025-11-05,B,67,6486.47,true
FAN_00440,Robert Luis Jones,fan440@email.com,8529.50,16805,PLATINUM,+84-99672726,Address 440,2025-10-16,B,1,49.18,true
FAN_00441,Pham Van Duc,fan441@email.com,8009.33,30193,PLATINUM,+84-97897149,Address 441,2026-10-19,D,36,5981.58,true
FAN_00442,Pedro Mohammed Santos 16,fan442@email.com,1990.27,26280,PLATINUM,+84-95393145,Address 442,2024-05-19,F,45,1545.32,true
FAN_00443,Pham William Brown 75,fan443@email.com,9525.44,4970,SILVER,+84-92279158,Address 443,2026-11-18,C,41,4512.83,true
FAN_00444,Pedro Santos,fan444@email.com,344.20,16274,PLATINUM,+84-90042981,Address 444,2024-12-01,VIP,75,13508.33,true
FAN_00445,Vu Lee Van Hieu,fan445@email.com,3274.19,21699,PLATINUM,+84-98287639,Address 445,2026-11-03,B,0,0.00,true
FAN_00446,Pedro Pham Silva 65,fan446@email.com,7655.11,44719,PLATINUM,+84-93098866,Address 446,2025-04-20,C,22,1109.37,true
FAN_00447,Le Takahashi 6,fan447@email.com,1850.09,7163,GOLD,+84-97129499,Address 447,2024-06-26,D,64,10220.28,true
FAN_00448,Yuki Kenji Garcia,fan448@email.com,3950.49,9066,GOLD,+84-90201469,Address 448,2026-08-06,C,83,13441.63,true
FAN_00449,Kenji Ahmed Silva,fan449@email.com,9028.25,17003,PLATINUM,+84-98690885,Address 449,2025-03-15,D,9,1522.30,true
FAN_00450,William Pham Silva,fan450@email.com,7294.87,23755,PLATINUM,+84-99071039,Address 450,2025-07-07,A,23,4072.25,true
FAN_00451,Luong Rodriguez 66,fan451@email.com,5093.32,22298,PLATINUM,+84-93254361,Address 451,2025-10-08,D,11,694.26,true
FAN_00452,Dang Choi,fan452@email.com,5632.25,37172,PLATINUM,+84-98959494,Address 452,2025-10-23,B,76,2892.88,true
FAN_00453,Do Michael Garcia 87,fan453@email.com,2538.68,5789,GOLD,+84-91286332,Address 453,2024-12-03,D,35,6197.76,true
FAN_00454,Pham Brown 92,fan454@email.com,5974.05,49359,PLATINUM,+84-94169342,Address 454,2025-08-12,C,1,170.36,true
FAN_00455,Thomas Jones,fan455@email.com,8432.00,4320,SILVER,+84-91770792,Address 455,2025-12-23,F,23,2718.52,true
FAN_00456,Lee Van Minh,fan456@email.com,2954.18,16890,PLATINUM,+84-92479433,Address 456,2024-01-05,E,11,815.22,true
FAN_00457,David Tran Van Khanh,fan457@email.com,2755.92,17546,PLATINUM,+84-90987795,Address 457,2025-08-15,VIP,42,7187.59,true
FAN_00458,Carlos Antonio Tanaka 44,fan458@email.com,7387.52,15798,PLATINUM,+84-98990328,Address 458,2024-03-17,D,20,608.07,true
FAN_00459,Ahmed Kim Williams 53,fan459@email.com,9333.96,4645,SILVER,+84-90427940,Address 459,2025-10-17,D,90,11182.77,true
FAN_00460,Pedro Santos 30,fan460@email.com,506.79,26914,PLATINUM,+84-99915401,Address 460,2025-06-18,E,13,1338.41,true
FAN_00461,Park Van Hieu 21,fan461@email.com,4619.75,38782,PLATINUM,+84-97506985,Address 461,2024-05-14,B,1,163.92,true
FAN_00462,Pedro Johnson,fan462@email.com,2835.17,15819,PLATINUM,+84-92249129,Address 462,2024-04-23,D,24,1592.74,true
FAN_00463,Vu Park Van Hieu 95,fan463@email.com,7047.06,23568,PLATINUM,+84-93240049,Address 463,2024-06-23,C,90,8247.52,true
FAN_00464,Park Williams,fan464@email.com,3916.87,48762,PLATINUM,+84-90427490,Address 464,2025-04-01,D,0,0.00,true
FAN_00465,Carlos Tanaka 58,fan465@email.com,2209.40,18268,PLATINUM,+84-93125965,Address 465,2024-01-21,A,12,1421.61,true
FAN_00466,John Santos 79,fan466@email.com,7390.61,43836,PLATINUM,+84-93309344,Address 466,2024-08-19,E,87,10213.74,true
FAN_00467,Pham Vu Van Duc,fan467@email.com,9045.68,38802,PLATINUM,+84-92172970,Address 467,2025-09-26,C,79,11548.45,true
FAN_00468,Luis Van Duc 85,fan468@email.com,9031.43,86,BRONZE,+84-93378264,Address 468,2025-04-25,D,55,6455.41,true
FAN_00469,Ahmed Mohammed Silva 74,fan469@email.com,4218.34,12730,GOLD,+84-97492543,Address 469,2026-06-11,C,84,8505.45,true
FAN_00470,Vu John Kim,fan470@email.com,653.99,35934,PLATINUM,+84-99772271,Address 470,2024-03-16,C,24,2317.31,true
FAN_00471,Luis Park 23,fan471@email.com,9733.10,38258,PLATINUM,+84-98990201,Address 471,2026-12-16,C,16,3061.03,true
FAN_00472,Vu Luis Van Khanh,fan472@email.com,7069.58,59429,DIAMOND,+84-98368616,Address 472,2024-06-10,E,59,3082.95,true
FAN_00473,Park Williams 3,fan473@email.com,3801.36,6374,GOLD,+84-99741033,Address 473,2026-05-20,C,93,9994.73,true
FAN_00474,Kim Pedro Van Minh,fan474@email.com,2175.53,17346,PLATINUM,+84-90404681,Address 474,2024-09-22,E,61,2139.03,true
FAN_00475,Robert Kim,fan475@email.com,9274.13,59373,DIAMOND,+84-99146537,Address 475,2026-07-15,F,71,3219.04,true
FAN_00476,Luong Park,fan476@email.com,8061.20,51969,DIAMOND,+84-97873813,Address 476,2026-10-21,VIP,71,13410.90,true
FAN_00477,Yuki Van Sang,fan477@email.com,7650.68,46754,PLATINUM,+84-99928703,Address 477,2025-12-03,A,88,10766.60,true
FAN_00478,Yuki Smith,fan478@email.com,6568.31,24453,PLATINUM,+84-91777288,Address 478,2025-10-07,D,16,2580.82,true
FAN_00479,Antonio Vu Brown 14,fan479@email.com,9300.25,31388,PLATINUM,+84-93682999,Address 479,2026-12-25,VIP,47,3829.11,true
FAN_00480,James Tran Van Minh 84,fan480@email.com,8954.36,11077,GOLD,+84-96295801,Address 480,2024-10-18,A,7,308.48,true
FAN_00481,Park Van Hieu,fan481@email.com,7666.42,44132,PLATINUM,+84-99536376,Address 481,2025-02-14,E,65,12050.51,true
FAN_00482,Mohammed Nguyen Santos 25,fan482@email.com,967.93,12762,GOLD,+84-98052870,Address 482,2026-08-09,F,19,1437.34,true
FAN_00483,Vu Johnson 76,fan483@email.com,3065.22,25910,PLATINUM,+84-99023068,Address 483,2026-06-16,VIP,13,2348.52,true
FAN_00484,Vu Antonio Takahashi,fan484@email.com,488.64,3126,SILVER,+84-96826154,Address 484,2025-03-16,C,10,1674.07,true
FAN_00485,Hoang Thomas Park,fan485@email.com,2058.23,48517,PLATINUM,+84-91967654,Address 485,2025-04-05,F,40,5698.18,true
FAN_00486,Carlos Van Hieu,fan486@email.com,5990.37,33256,PLATINUM,+84-98781646,Address 486,2025-12-07,A,99,11291.16,true
FAN_00487,Yuki Yuki Rodriguez,fan487@email.com,7901.32,15063,PLATINUM,+84-98457531,Address 487,2024-07-02,B,66,8070.83,true
FAN_00488,Luis Luis Tanaka 95,fan488@email.com,562.85,55253,DIAMOND,+84-96675143,Address 488,2026-04-16,E,47,3898.32,true
FAN_00489,Marco Choi,fan489@email.com,9263.66,24831,PLATINUM,+84-90794985,Address 489,2024-10-27,D,31,4986.16,true
FAN_00490,Kim Nguyen Brown,fan490@email.com,4598.26,30433,PLATINUM,+84-97052384,Address 490,2026-07-18,D,74,13751.99,true
FAN_00491,William Pedro Van Sang 16,fan491@email.com,5284.36,22949,PLATINUM,+84-98223617,Address 491,2025-11-15,D,90,17713.95,true
FAN_00492,Park Choi,fan492@email.com,8409.71,44633,PLATINUM,+84-93730754,Address 492,2025-12-16,D,54,2149.99,true
FAN_00493,Kim Pham Takahashi 4,fan493@email.com,5980.57,50434,DIAMOND,+84-91361239,Address 493,2024-10-01,VIP,19,3220.91,true
FAN_00494,Luis William Silva,fan494@email.com,7801.63,49744,PLATINUM,+84-96407303,Address 494,2024-08-15,B,25,4325.38,true
FAN_00495,Kenji Van Duc,fan495@email.com,5514.19,21650,PLATINUM,+84-91426773,Address 495,2025-04-24,D,71,7725.30,true
FAN_00496,Carlos Van Minh,fan496@email.com,4761.09,35493,PLATINUM,+84-91076278,Address 496,2025-04-28,B,94,10150.46,true
FAN_00497,Antonio Van Minh,fan497@email.com,5508.78,20293,PLATINUM,+84-95060516,Address 497,2024-04-12,F,89,2944.58,true
FAN_00498,Robert Van Sang,fan498@email.com,9060.15,31420,PLATINUM,+84-94235175,Address 498,2026-08-02,A,90,17362.64,true
FAN_00499,Hoang Rodriguez,fan499@email.com,7954.05,32127,PLATINUM,+84-96520800,Address 499,2024-11-13,D,89,15498.42,true
FAN_00500,Antonio Garcia,fan500@email.com,169.48,56108,DIAMOND,+84-99578921,Address 500,2026-04-15,F,37,3917.03,true

