transactionId,timestamp,type,amount,description,referenceId,category,processedBy,reconciled
TXN_000504,2025-10-20 04:08:33,PRIZE_MONEY,80657.0,29,Tournament prize money,REF_504,REVENUE,false
TXN_000505,2026-06-02 11:37:14,TICKET_PURCHASE,45205.0,49,Ticket purchase revenue,REF_505,REVENUE,false
TXN_000502,2025-02-19 11:41:45,INSURANCE_EXPENSE,18493.0,48,Club and player insurance premiums,REF_502,EXPENSE,false
TXN_000503,2025-08-08 03:01:58,BROADCASTING_REVENUE,40402.0,08,TV broadcasting rights revenue,REF_503,REVENUE,false
TXN_000500,2026-01-14 20:10:15,INSURANCE_EXPENSE,47762.0,64,Club and player insurance premiums,REF_500,EXPENSE,false
TXN_000501,2024-01-11 22:23:51,SALARY_PAYMENT,11087.0,43,Staff and player salary payments,REF_501,EXPENSE,false
TXN_000508,2026-02-03 02:30:02,SALARY_PAYMENT,19333.0,70,Staff and player salary payments,REF_508,EXPENSE,false
TXN_000509,2025-07-14 19:13:40,BROADCASTING_REVENUE,38528.0,48,TV broadcasting rights revenue,REF_509,REVENUE,false
TXN_000506,2025-06-20 08:38:26,SALARY_PAYMENT,5006.0,78,Staff and player salary payments,REF_506,EXPENSE,false
TXN_000507,2024-03-22 19:45:10,UTILITY_EXPENSE,38630.0,05,Utility bills (electricity, water, etc.),false
TXN_000515,2024-07-20 20:19:05,TICKET_PURCHASE,80229.0,35,Ticket purchase revenue,REF_515,REVENUE,false
TXN_000516,2026-11-22 14:16:09,MERCHANDISE_SALE,46656.0,94,Merchandise sale revenue,REF_516,REVENUE,false
TXN_000513,2026-03-21 09:25:50,SPONSORSHIP_INCOME,42602.0,41,Sponsorship and partnership income,REF_513,REVENUE,false
TXN_000514,2026-02-03 09:01:49,SALARY_PAYMENT,5533.0,16,Staff and player salary payments,REF_514,EXPENSE,false
TXN_000511,2026-10-02 18:32:08,MARKETING_EXPENSE,16017.0,32,Marketing and advertising expenditure,REF_511,EXPENSE,false
TXN_000512,2024-05-10 20:28:21,PRIZE_MONEY,14839.0,14,Tournament prize money,REF_512,REVENUE,false
TXN_000510,2024-08-12 13:53:30,TICKET_PURCHASE,20995.0,48,Ticket purchase revenue,REF_510,REVENUE,false
TXN_000600,2024-12-25 12:44:52,MERCHANDISE_SALE,90102.0,93,Merchandise sale revenue,REF_600,REVENUE,false
TXN_000418,2026-09-18 07:12:25,MERCHANDISE_SALE,4089.0,93,Merchandise sale revenue,REF_418,REVENUE,false
TXN_000539,2024-04-21 21:45:54,INSURANCE_EXPENSE,1520.0,79,Club and player insurance premiums,REF_539,EXPENSE,false
TXN_000419,2026-03-12 11:53:55,PRIZE_MONEY,93848.0,54,Tournament prize money,REF_419,REVENUE,false
TXN_000306,2024-09-17 13:16:44,UTILITY_EXPENSE,12507.0,22,Utility bills (electricity, water, etc.),false
TXN_000427,2025-08-09 03:45:01,MERCHANDISE_SALE,85795.0,49,Merchandise sale revenue,REF_427,REVENUE,false
TXN_000548,2026-04-05 12:36:37,MERCHANDISE_PURCHASE,30795.0,60,Cost of goods purchased for resale,REF_548,EXPENSE,false
TXN_000307,2024-03-21 13:55:15,BROADCASTING_REVENUE,32326.0,87,TV broadcasting rights revenue,REF_307,REVENUE,false
TXN_000428,2024-03-08 17:44:09,TICKET_PURCHASE,15409.0,17,Ticket purchase revenue,REF_428,REVENUE,false
TXN_000549,2025-08-08 13:10:06,SPONSORSHIP_INCOME,38646.0,30,Sponsorship and partnership income,REF_549,REVENUE,false
TXN_000304,2025-10-03 21:03:45,UTILITY_EXPENSE,33552.0,11,Utility bills (electricity, water, etc.),false
TXN_000425,2026-02-10 12:19:29,UTILITY_EXPENSE,21085.0,78,Utility bills (electricity, water, etc.),false
TXN_000546,2024-07-16 21:48:25,MARKETING_EXPENSE,46692.0,93,Marketing and advertising expenditure,REF_546,EXPENSE,false
TXN_000305,2025-12-09 14:12:27,TICKET_PURCHASE,23444.0,87,Ticket purchase revenue,REF_305,REVENUE,false
TXN_000426,2025-04-04 12:31:25,TICKET_PURCHASE,48127.0,48,Ticket purchase revenue,REF_426,REVENUE,false
TXN_000547,2026-07-18 04:44:32,SPONSORSHIP_INCOME,82302.0,35,Sponsorship and partnership income,REF_547,REVENUE,false
TXN_000302,2024-06-22 01:18:06,UTILITY_EXPENSE,49716.0,79,Utility bills (electricity, water, etc.),false
TXN_000423,2026-08-09 16:16:55,MERCHANDISE_PURCHASE,4261.0,36,Cost of goods purchased for resale,REF_423,EXPENSE,false
TXN_000544,2026-07-17 02:53:04,MERCHANDISE_SALE,97770.0,91,Merchandise sale revenue,REF_544,REVENUE,false
TXN_000303,2026-02-01 04:05:51,TICKET_PURCHASE,21652.0,48,Ticket purchase revenue,REF_303,REVENUE,false
TXN_000424,2026-09-20 17:59:22,PRIZE_MONEY,35310.0,51,Tournament prize money,REF_424,REVENUE,false
TXN_000545,2025-06-28 23:24:26,SALARY_PAYMENT,46401.0,17,Staff and player salary payments,REF_545,EXPENSE,false
TXN_000300,2024-10-10 03:26:37,INSURANCE_EXPENSE,37227.0,05,Club and player insurance premiums,REF_300,EXPENSE,false
TXN_000421,2025-04-05 20:25:38,MARKETING_EXPENSE,27904.0,83,Marketing and advertising expenditure,REF_421,EXPENSE,false
TXN_000542,2026-05-15 19:30:54,BROADCASTING_REVENUE,52352.0,32,TV broadcasting rights revenue,REF_542,REVENUE,false
TXN_000301,2024-12-28 15:16:19,MARKETING_EXPENSE,19896.0,84,Marketing and advertising expenditure,REF_301,EXPENSE,false
TXN_000422,2024-02-21 18:46:32,MERCHANDISE_SALE,60162.0,40,Merchandise sale revenue,REF_422,REVENUE,false
TXN_000543,2026-02-12 12:26:23,SPONSORSHIP_INCOME,73952.0,56,Sponsorship and partnership income,REF_543,REVENUE,false
TXN_000540,2024-02-05 23:17:35,MARKETING_EXPENSE,3849.0,53,Marketing and advertising expenditure,REF_540,EXPENSE,false
TXN_000420,2025-08-02 03:45:30,UTILITY_EXPENSE,32886.0,30,Utility bills (electricity, water, etc.),false
TXN_000541,2024-01-22 13:24:14,SALARY_PAYMENT,35229.0,64,Staff and player salary payments,REF_541,EXPENSE,false
TXN_000308,2026-12-20 09:19:30,TICKET_PURCHASE,80639.0,06,Ticket purchase revenue,REF_308,REVENUE,false
TXN_000429,2024-07-21 07:47:48,INSURANCE_EXPENSE,13929.0,50,Club and player insurance premiums,REF_429,EXPENSE,false
TXN_000309,2024-01-24 23:17:52,MERCHANDISE_SALE,23835.0,43,Merchandise sale revenue,REF_309,REVENUE,false
TXN_000317,2024-06-19 03:44:16,SPONSORSHIP_INCOME,79249.0,35,Sponsorship and partnership income,REF_317,REVENUE,false
TXN_000438,2024-02-04 11:52:38,TICKET_PURCHASE,31193.0,28,Ticket purchase revenue,REF_438,REVENUE,false
TXN_000559,2024-03-15 11:49:35,INSURANCE_EXPENSE,31696.0,62,Club and player insurance premiums,REF_559,EXPENSE,false
TXN_000318,2026-09-09 11:55:21,BROADCASTING_REVENUE,54112.0,96,TV broadcasting rights revenue,REF_318,REVENUE,false
TXN_000439,2025-11-25 03:20:27,MERCHANDISE_SALE,41184.0,22,Merchandise sale revenue,REF_439,REVENUE,false
TXN_000315,2025-10-04 05:22:53,SPONSORSHIP_INCOME,52553.0,44,Sponsorship and partnership income,REF_315,REVENUE,false
TXN_000436,2024-10-04 18:36:45,INSURANCE_EXPENSE,46754.0,34,Club and player insurance premiums,REF_436,EXPENSE,false
TXN_000557,2026-08-27 05:26:35,BROADCASTING_REVENUE,94450.0,06,TV broadcasting rights revenue,REF_557,REVENUE,false
TXN_000316,2025-09-06 17:37:03,TICKET_PURCHASE,71169.0,84,Ticket purchase revenue,REF_316,REVENUE,false
TXN_000437,2026-02-18 13:12:29,PRIZE_MONEY,50114.0,36,Tournament prize money,REF_437,REVENUE,false
TXN_000558,2025-08-19 09:25:54,MERCHANDISE_SALE,59797.0,52,Merchandise sale revenue,REF_558,REVENUE,false
TXN_000313,2024-04-27 14:10:22,BROADCASTING_REVENUE,28587.0,12,TV broadcasting rights revenue,REF_313,REVENUE,false
TXN_000434,2025-11-09 15:18:51,MERCHANDISE_SALE,94718.0,65,Merchandise sale revenue,REF_434,REVENUE,false
TXN_000555,2025-12-18 22:25:04,UTILITY_EXPENSE,27332.0,83,Utility bills (electricity, water, etc.),false
TXN_000314,2026-01-17 21:59:48,PRIZE_MONEY,6221.0,73,Tournament prize money,REF_314,REVENUE,false
TXN_000435,2024-12-22 23:36:51,UTILITY_EXPENSE,42764.0,69,Utility bills (electricity, water, etc.),false
TXN_000556,2025-12-28 15:29:18,INSURANCE_EXPENSE,41855.0,04,Club and player insurance premiums,REF_556,EXPENSE,false
TXN_000311,2024-03-16 13:16:39,INSURANCE_EXPENSE,5110.0,40,Club and player insurance premiums,REF_311,EXPENSE,false
TXN_000432,2026-01-21 18:16:33,BROADCASTING_REVENUE,76044.0,96,TV broadcasting rights revenue,REF_432,REVENUE,false
TXN_000553,2026-04-12 20:54:14,INSURANCE_EXPENSE,42544.0,73,Club and player insurance premiums,REF_553,EXPENSE,false
TXN_000312,2025-06-16 23:49:05,SPONSORSHIP_INCOME,70439.0,85,Sponsorship and partnership income,REF_312,REVENUE,false
TXN_000433,2025-04-08 16:55:25,UTILITY_EXPENSE,11397.0,01,Utility bills (electricity, water, etc.),false
TXN_000554,2024-03-02 12:25:32,INSURANCE_EXPENSE,31614.0,72,Club and player insurance premiums,REF_554,EXPENSE,false
TXN_000430,2025-09-15 11:27:54,MERCHANDISE_SALE,77806.0,55,Merchandise sale revenue,REF_430,REVENUE,false
TXN_000551,2024-10-23 11:21:55,UTILITY_EXPENSE,5510.0,82,Utility bills (electricity, water, etc.),false
TXN_000310,2025-02-01 00:08:52,UTILITY_EXPENSE,30428.0,56,Utility bills (electricity, water, etc.),false
TXN_000431,2026-05-11 14:25:55,UTILITY_EXPENSE,17921.0,37,Utility bills (electricity, water, etc.),false
TXN_000552,2025-06-07 10:53:06,TICKET_PURCHASE,64145.0,15,Ticket purchase revenue,REF_552,REVENUE,false
TXN_000550,2025-08-20 04:10:55,MARKETING_EXPENSE,45380.0,84,Marketing and advertising expenditure,REF_550,EXPENSE,false
TXN_000519,2026-11-21 00:32:40,MERCHANDISE_SALE,59884.0,96,Merchandise sale revenue,REF_519,REVENUE,false
TXN_000517,2025-07-24 20:36:36,MARKETING_EXPENSE,48144.0,98,Marketing and advertising expenditure,REF_517,EXPENSE,false
TXN_000518,2025-12-20 03:56:25,SALARY_PAYMENT,11212.0,90,Staff and player salary payments,REF_518,EXPENSE,false
TXN_000405,2025-11-22 04:26:54,TICKET_PURCHASE,95100.0,38,Ticket purchase revenue,REF_405,REVENUE,false
TXN_000526,2024-04-13 09:43:11,TICKET_PURCHASE,98845.0,09,Ticket purchase revenue,REF_526,REVENUE,false
TXN_000406,2024-08-08 17:12:08,MERCHANDISE_PURCHASE,23117.0,09,Cost of goods purchased for resale,REF_406,EXPENSE,false
TXN_000527,2025-02-04 00:12:59,PRIZE_MONEY,14139.0,07,Tournament prize money,REF_527,REVENUE,false
TXN_000403,2025-05-05 10:25:55,MERCHANDISE_SALE,66804.0,10,Merchandise sale revenue,REF_403,REVENUE,false
TXN_000524,2025-01-01 01:19:24,PRIZE_MONEY,91426.0,44,Tournament prize money,REF_524,REVENUE,false
TXN_000404,2024-02-21 08:19:37,SPONSORSHIP_INCOME,16735.0,89,Sponsorship and partnership income,REF_404,REVENUE,false
TXN_000525,2025-09-17 18:03:19,TICKET_PURCHASE,40059.0,56,Ticket purchase revenue,REF_525,REVENUE,false
TXN_000401,2024-02-06 03:54:34,UTILITY_EXPENSE,5590.0,19,Utility bills (electricity, water, etc.),false
TXN_000522,2026-09-25 23:37:10,BROADCASTING_REVENUE,88477.0,21,TV broadcasting rights revenue,REF_522,REVENUE,false
TXN_000402,2024-10-01 01:48:15,MARKETING_EXPENSE,17623.0,74,Marketing and advertising expenditure,REF_402,EXPENSE,false
TXN_000523,2025-08-03 06:46:42,INSURANCE_EXPENSE,12959.0,90,Club and player insurance premiums,REF_523,EXPENSE,false
TXN_000520,2026-09-03 12:23:08,TICKET_PURCHASE,73106.0,19,Ticket purchase revenue,REF_520,REVENUE,false
TXN_000400,2026-04-20 20:07:50,INSURANCE_EXPENSE,25260.0,43,Club and player insurance premiums,REF_400,EXPENSE,false
TXN_000521,2024-09-11 03:54:35,PRIZE_MONEY,89705.0,84,Tournament prize money,REF_521,REVENUE,false
TXN_000409,2024-09-12 21:16:55,MERCHANDISE_SALE,26347.0,76,Merchandise sale revenue,REF_409,REVENUE,false
TXN_000407,2025-05-02 08:23:03,PRIZE_MONEY,43519.0,78,Tournament prize money,REF_407,REVENUE,false
TXN_000528,2026-01-24 13:06:29,MARKETING_EXPENSE,49092.0,23,Marketing and advertising expenditure,REF_528,EXPENSE,false
TXN_000408,2024-05-04 09:23:12,TICKET_PURCHASE,51225.0,32,Ticket purchase revenue,REF_408,REVENUE,false
TXN_000529,2026-03-20 20:51:54,UTILITY_EXPENSE,34964.0,58,Utility bills (electricity, water, etc.),false
TXN_000416,2025-08-03 09:28:30,MERCHANDISE_SALE,73921.0,80,Merchandise sale revenue,REF_416,REVENUE,false
TXN_000537,2026-11-04 05:39:35,UTILITY_EXPENSE,9574.0,07,Utility bills (electricity, water, etc.),false
TXN_000417,2026-05-15 16:42:29,INSURANCE_EXPENSE,27992.0,20,Club and player insurance premiums,REF_417,EXPENSE,false
TXN_000538,2025-06-28 20:37:41,MARKETING_EXPENSE,20643.0,84,Marketing and advertising expenditure,REF_538,EXPENSE,false
TXN_000414,2026-08-19 17:07:12,INSURANCE_EXPENSE,20231.0,76,Club and player insurance premiums,REF_414,EXPENSE,false
TXN_000535,2025-10-19 01:29:30,PRIZE_MONEY,62428.0,33,Tournament prize money,REF_535,REVENUE,false
TXN_000415,2026-07-04 10:15:36,INSURANCE_EXPENSE,39784.0,42,Club and player insurance premiums,REF_415,EXPENSE,false
TXN_000536,2025-03-11 08:52:00,MERCHANDISE_PURCHASE,15709.0,42,Cost of goods purchased for resale,REF_536,EXPENSE,false
TXN_000412,2025-10-10 16:02:20,MERCHANDISE_PURCHASE,29886.0,86,Cost of goods purchased for resale,REF_412,EXPENSE,false
TXN_000533,2025-01-16 06:16:59,UTILITY_EXPENSE,46749.0,55,Utility bills (electricity, water, etc.),false
TXN_000413,2026-08-14 16:37:33,UTILITY_EXPENSE,9541.0,52,Utility bills (electricity, water, etc.),false
TXN_000534,2025-02-17 01:38:42,MERCHANDISE_PURCHASE,14435.0,53,Cost of goods purchased for resale,REF_534,EXPENSE,false
TXN_000410,2024-02-13 10:46:07,UTILITY_EXPENSE,2987.0,13,Utility bills (electricity, water, etc.),false
TXN_000531,2026-09-27 18:02:12,UTILITY_EXPENSE,2876.0,03,Utility bills (electricity, water, etc.),false
TXN_000411,2024-10-26 13:13:50,BROADCASTING_REVENUE,61061.0,87,TV broadcasting rights revenue,REF_411,REVENUE,false
TXN_000532,2024-11-21 03:23:49,MERCHANDISE_SALE,30952.0,60,Merchandise sale revenue,REF_532,REVENUE,false
TXN_000530,2024-01-26 19:35:52,MERCHANDISE_SALE,15256.0,07,Merchandise sale revenue,REF_530,REVENUE,false
TXN_000108,2024-04-12 18:21:16,MARKETING_EXPENSE,28002.0,34,Marketing and advertising expenditure,REF_108,EXPENSE,false
TXN_000229,2024-10-25 06:58:01,UTILITY_EXPENSE,15617.0,70,Utility bills (electricity, water, etc.),false
TXN_000109,2026-11-02 18:43:56,SPONSORSHIP_INCOME,98932.0,32,Sponsorship and partnership income,REF_109,REVENUE,false
TXN_000106,2025-11-13 19:23:39,MERCHANDISE_SALE,70671.0,65,Merchandise sale revenue,REF_106,REVENUE,false
TXN_000227,2024-01-18 09:27:48,SALARY_PAYMENT,8085.0,21,Staff and player salary payments,REF_227,EXPENSE,false
TXN_000348,2026-02-26 12:40:33,BROADCASTING_REVENUE,89465.0,10,TV broadcasting rights revenue,REF_348,REVENUE,false
TXN_000469,2024-02-13 12:24:51,SPONSORSHIP_INCOME,16186.0,43,Sponsorship and partnership income,REF_469,REVENUE,false
TXN_000107,2025-09-28 21:43:48,BROADCASTING_REVENUE,20378.0,18,TV broadcasting rights revenue,REF_107,REVENUE,false
TXN_000228,2026-09-08 17:10:34,MARKETING_EXPENSE,4616.0,92,Marketing and advertising expenditure,REF_228,EXPENSE,false
TXN_000349,2024-05-11 13:24:44,SPONSORSHIP_INCOME,14290.0,36,Sponsorship and partnership income,REF_349,REVENUE,false
TXN_000104,2026-06-27 05:34:59,MARKETING_EXPENSE,31218.0,56,Marketing and advertising expenditure,REF_104,EXPENSE,false
TXN_000225,2024-02-28 14:56:21,MARKETING_EXPENSE,3714.0,59,Marketing and advertising expenditure,REF_225,EXPENSE,false
TXN_000346,2025-07-26 15:18:26,INSURANCE_EXPENSE,31902.0,16,Club and player insurance premiums,REF_346,EXPENSE,false
TXN_000467,2026-09-21 20:07:23,MARKETING_EXPENSE,37710.0,03,Marketing and advertising expenditure,REF_467,EXPENSE,false
TXN_000588,2024-05-06 06:29:39,BROADCASTING_REVENUE,82482.0,36,TV broadcasting rights revenue,REF_588,REVENUE,false
TXN_000105,2025-10-27 00:17:45,MERCHANDISE_SALE,79169.0,61,Merchandise sale revenue,REF_105,REVENUE,false
TXN_000226,2025-05-07 08:01:47,PRIZE_MONEY,93031.0,97,Tournament prize money,REF_226,REVENUE,false
TXN_000347,2026-04-05 02:51:23,TICKET_PURCHASE,19345.0,09,Ticket purchase revenue,REF_347,REVENUE,false
TXN_000468,2026-08-06 18:19:21,UTILITY_EXPENSE,995.0,91,Utility bills (electricity, water, etc.),false
TXN_000589,2024-08-23 07:46:19,SALARY_PAYMENT,33255.0,58,Staff and player salary payments,REF_589,EXPENSE,false
TXN_000102,2026-11-05 23:55:17,MARKETING_EXPENSE,6947.0,40,Marketing and advertising expenditure,REF_102,EXPENSE,false
TXN_000223,2025-10-01 04:48:32,PRIZE_MONEY,70610.0,43,Tournament prize money,REF_223,REVENUE,false
TXN_000344,2026-06-24 06:37:04,SPONSORSHIP_INCOME,53273.0,43,Sponsorship and partnership income,REF_344,REVENUE,false
TXN_000465,2025-03-02 08:35:20,MERCHANDISE_SALE,56310.0,97,Merchandise sale revenue,REF_465,REVENUE,false
TXN_000586,2024-03-08 00:53:27,UTILITY_EXPENSE,28662.0,02,Utility bills (electricity, water, etc.),false
TXN_000103,2025-03-03 07:47:02,MERCHANDISE_SALE,66124.0,77,Merchandise sale revenue,REF_103,REVENUE,false
TXN_000224,2026-08-03 06:43:24,PRIZE_MONEY,58853.0,90,Tournament prize money,REF_224,REVENUE,false
TXN_000345,2024-10-16 19:07:16,TICKET_PURCHASE,99002.0,42,Ticket purchase revenue,REF_345,REVENUE,false
TXN_000466,2026-11-03 11:00:13,SPONSORSHIP_INCOME,37040.0,78,Sponsorship and partnership income,REF_466,REVENUE,false
TXN_000587,2024-11-23 04:04:53,BROADCASTING_REVENUE,12458.0,14,TV broadcasting rights revenue,REF_587,REVENUE,false
TXN_000100,2025-12-03 22:23:54,MERCHANDISE_PURCHASE,10291.0,43,Cost of goods purchased for resale,REF_100,EXPENSE,false
TXN_000221,2024-08-07 10:59:33,MERCHANDISE_PURCHASE,5285.0,71,Cost of goods purchased for resale,REF_221,EXPENSE,false
TXN_000342,2025-11-28 03:44:55,SALARY_PAYMENT,24095.0,00,Staff and player salary payments,REF_342,EXPENSE,false
TXN_000463,2026-05-02 21:46:46,PRIZE_MONEY,98269.0,36,Tournament prize money,REF_463,REVENUE,false
TXN_000584,2026-04-03 17:44:58,TICKET_PURCHASE,83365.0,41,Ticket purchase revenue,REF_584,REVENUE,false
TXN_000101,2024-08-27 20:24:00,PRIZE_MONEY,44929.0,63,Tournament prize money,REF_101,REVENUE,false
TXN_000222,2026-05-04 08:22:16,MERCHANDISE_SALE,10749.0,90,Merchandise sale revenue,REF_222,REVENUE,false
TXN_000343,2025-09-15 17:41:51,MARKETING_EXPENSE,14563.0,80,Marketing and advertising expenditure,REF_343,EXPENSE,false
TXN_000464,2024-01-04 14:56:18,SPONSORSHIP_INCOME,62698.0,02,Sponsorship and partnership income,REF_464,REVENUE,false
TXN_000585,2024-07-04 06:12:48,PRIZE_MONEY,21434.0,04,Tournament prize money,REF_585,REVENUE,false
TXN_000340,2026-01-03 03:35:08,MERCHANDISE_SALE,10234.0,06,Merchandise sale revenue,REF_340,REVENUE,false
TXN_000461,2025-11-01 03:30:45,TICKET_PURCHASE,52129.0,49,Ticket purchase revenue,REF_461,REVENUE,false
TXN_000582,2026-11-01 02:51:07,PRIZE_MONEY,68381.0,31,Tournament prize money,REF_582,REVENUE,false
TXN_000220,2026-04-27 09:02:17,MERCHANDISE_SALE,67847.0,66,Merchandise sale revenue,REF_220,REVENUE,false
TXN_000341,2026-09-19 13:24:08,PRIZE_MONEY,65175.0,71,Tournament prize money,REF_341,REVENUE,false
TXN_000462,2025-02-15 18:32:13,MERCHANDISE_SALE,92942.0,69,Merchandise sale revenue,REF_462,REVENUE,false
TXN_000583,2026-08-23 04:59:04,SPONSORSHIP_INCOME,51263.0,97,Sponsorship and partnership income,REF_583,REVENUE,false
TXN_000580,2024-12-10 05:45:36,MERCHANDISE_SALE,8068.0,06,Merchandise sale revenue,REF_580,REVENUE,false
TXN_000460,2026-03-11 22:49:40,UTILITY_EXPENSE,48272.0,22,Utility bills (electricity, water, etc.),false
TXN_000581,2024-02-17 10:48:14,SPONSORSHIP_INCOME,87960.0,82,Sponsorship and partnership income,REF_581,REVENUE,false
TXN_000119,2026-04-10 19:51:04,MARKETING_EXPENSE,11067.0,45,Marketing and advertising expenditure,REF_119,EXPENSE,false
TXN_000117,2026-03-18 14:09:20,PRIZE_MONEY,75045.0,79,Tournament prize money,REF_117,REVENUE,false
TXN_000238,2024-06-05 05:19:36,SPONSORSHIP_INCOME,56299.0,37,Sponsorship and partnership income,REF_238,REVENUE,false
TXN_000359,2025-01-16 09:43:50,SPONSORSHIP_INCOME,50168.0,46,Sponsorship and partnership income,REF_359,REVENUE,false
TXN_000118,2025-06-16 06:33:47,TICKET_PURCHASE,21497.0,97,Ticket purchase revenue,REF_118,REVENUE,false
TXN_000239,2025-06-11 03:13:30,BROADCASTING_REVENUE,53923.0,45,TV broadcasting rights revenue,REF_239,REVENUE,false
TXN_000115,2026-03-04 08:36:03,SALARY_PAYMENT,19815.0,69,Staff and player salary payments,REF_115,EXPENSE,false
TXN_000236,2024-10-07 03:02:06,PRIZE_MONEY,94563.0,82,Tournament prize money,REF_236,REVENUE,false
TXN_000357,2026-07-22 13:36:46,UTILITY_EXPENSE,28897.0,31,Utility bills (electricity, water, etc.),false
TXN_000478,2024-11-12 20:06:23,BROADCASTING_REVENUE,72858.0,09,TV broadcasting rights revenue,REF_478,REVENUE,false
TXN_000599,2025-03-01 03:25:05,UTILITY_EXPENSE,14593.0,50,Utility bills (electricity, water, etc.),false
TXN_000116,2024-10-21 22:25:06,SALARY_PAYMENT,13732.0,58,Staff and player salary payments,REF_116,EXPENSE,false
TXN_000237,2025-02-19 08:48:37,SPONSORSHIP_INCOME,86903.0,50,Sponsorship and partnership income,REF_237,REVENUE,false
TXN_000358,2024-09-02 16:17:17,UTILITY_EXPENSE,43223.0,96,Utility bills (electricity, water, etc.),false
TXN_000479,2025-12-09 02:33:01,MERCHANDISE_SALE,93542.0,49,Merchandise sale revenue,REF_479,REVENUE,false
TXN_000113,2024-03-24 11:32:09,MERCHANDISE_PURCHASE,10676.0,17,Cost of goods purchased for resale,REF_113,EXPENSE,false
TXN_000234,2025-01-14 16:07:16,MERCHANDISE_SALE,93006.0,08,Merchandise sale revenue,REF_234,REVENUE,false
TXN_000355,2026-08-20 14:01:40,SALARY_PAYMENT,24364.0,86,Staff and player salary payments,REF_355,EXPENSE,false
TXN_000476,2024-04-24 07:36:58,UTILITY_EXPENSE,34377.0,24,Utility bills (electricity, water, etc.),false
TXN_000597,2026-05-16 10:09:53,INSURANCE_EXPENSE,1562.0,48,Club and player insurance premiums,REF_597,EXPENSE,false
TXN_000114,2026-10-23 16:13:39,TICKET_PURCHASE,15778.0,34,Ticket purchase revenue,REF_114,REVENUE,false
TXN_000235,2026-09-13 09:42:47,UTILITY_EXPENSE,1825.0,45,Utility bills (electricity, water, etc.),false
TXN_000356,2024-06-12 20:04:15,SPONSORSHIP_INCOME,29377.0,88,Sponsorship and partnership income,REF_356,REVENUE,false
TXN_000477,2026-01-14 00:16:32,UTILITY_EXPENSE,6623.0,78,Utility bills (electricity, water, etc.),false
TXN_000598,2026-09-16 19:47:52,PRIZE_MONEY,15004.0,02,Tournament prize money,REF_598,REVENUE,false
TXN_000111,2026-05-15 09:46:59,MARKETING_EXPENSE,48399.0,08,Marketing and advertising expenditure,REF_111,EXPENSE,false
TXN_000232,2025-04-20 21:20:36,MARKETING_EXPENSE,46961.0,46,Marketing and advertising expenditure,REF_232,EXPENSE,false
TXN_000353,2026-08-04 07:24:51,MARKETING_EXPENSE,40090.0,60,Marketing and advertising expenditure,REF_353,EXPENSE,false
TXN_000474,2024-06-22 06:52:51,SPONSORSHIP_INCOME,5028.0,36,Sponsorship and partnership income,REF_474,REVENUE,false
TXN_000595,2026-05-05 22:41:43,SALARY_PAYMENT,7306.0,70,Staff and player salary payments,REF_595,EXPENSE,false
TXN_000112,2026-10-15 17:07:26,MERCHANDISE_PURCHASE,19021.0,42,Cost of goods purchased for resale,REF_112,EXPENSE,false
TXN_000233,2026-05-12 12:53:03,TICKET_PURCHASE,21106.0,22,Ticket purchase revenue,REF_233,REVENUE,false
TXN_000354,2025-05-03 15:18:10,MARKETING_EXPENSE,18341.0,01,Marketing and advertising expenditure,REF_354,EXPENSE,false
TXN_000475,2024-03-22 01:27:09,INSURANCE_EXPENSE,28558.0,79,Club and player insurance premiums,REF_475,EXPENSE,false
TXN_000596,2025-11-07 10:34:27,SPONSORSHIP_INCOME,11778.0,15,Sponsorship and partnership income,REF_596,REVENUE,false
TXN_000230,2025-12-21 17:37:59,PRIZE_MONEY,46244.0,78,Tournament prize money,REF_230,REVENUE,false
TXN_000351,2024-12-07 22:14:57,SALARY_PAYMENT,40330.0,45,Staff and player salary payments,REF_351,EXPENSE,false
TXN_000472,2024-05-13 13:15:26,MERCHANDISE_SALE,3627.0,90,Merchandise sale revenue,REF_472,REVENUE,false
TXN_000593,2025-01-23 01:50:04,INSURANCE_EXPENSE,2406.0,38,Club and player insurance premiums,REF_593,EXPENSE,false
TXN_000110,2024-01-25 23:59:25,SPONSORSHIP_INCOME,43531.0,29,Sponsorship and partnership income,REF_110,REVENUE,false
TXN_000231,2024-09-21 07:39:15,BROADCASTING_REVENUE,16897.0,43,TV broadcasting rights revenue,REF_231,REVENUE,false
TXN_000352,2026-08-09 15:34:47,SALARY_PAYMENT,37463.0,35,Staff and player salary payments,REF_352,EXPENSE,false
TXN_000473,2026-03-17 20:40:26,BROADCASTING_REVENUE,21170.0,54,TV broadcasting rights revenue,REF_473,REVENUE,false
TXN_000594,2025-10-15 23:08:58,MERCHANDISE_PURCHASE,33849.0,21,Cost of goods purchased for resale,REF_594,EXPENSE,false
TXN_000470,2026-02-07 05:36:25,MERCHANDISE_PURCHASE,35784.0,22,Cost of goods purchased for resale,REF_470,EXPENSE,false
TXN_000591,2025-12-18 21:32:17,SPONSORSHIP_INCOME,75281.0,91,Sponsorship and partnership income,REF_591,REVENUE,false
TXN_000350,2026-06-27 00:41:37,SPONSORSHIP_INCOME,24295.0,41,Sponsorship and partnership income,REF_350,REVENUE,false
TXN_000471,2025-07-22 21:07:03,INSURANCE_EXPENSE,13892.0,78,Club and player insurance premiums,REF_471,EXPENSE,false
TXN_000592,2024-04-09 00:13:44,INSURANCE_EXPENSE,45402.0,04,Club and player insurance premiums,REF_592,EXPENSE,false
TXN_000590,2025-03-15 03:39:49,INSURANCE_EXPENSE,40554.0,56,Club and player insurance premiums,REF_590,EXPENSE,false
TXN_000319,2024-06-06 04:22:56,BROADCASTING_REVENUE,30144.0,52,TV broadcasting rights revenue,REF_319,REVENUE,false
TXN_000207,2025-05-22 23:39:24,INSURANCE_EXPENSE,26912.0,10,Club and player insurance premiums,REF_207,EXPENSE,false
TXN_000328,2024-09-19 16:35:07,SALARY_PAYMENT,31037.0,47,Staff and player salary payments,REF_328,EXPENSE,false
TXN_000449,2024-01-06 06:08:55,MERCHANDISE_SALE,73090.0,14,Merchandise sale revenue,REF_449,REVENUE,false
TXN_000208,2025-08-21 05:00:25,TICKET_PURCHASE,61969.0,26,Ticket purchase revenue,REF_208,REVENUE,false
TXN_000329,2025-05-21 06:29:40,PRIZE_MONEY,87002.0,58,Tournament prize money,REF_329,REVENUE,false
TXN_000205,2025-11-06 14:58:29,TICKET_PURCHASE,89928.0,21,Ticket purchase revenue,REF_205,REVENUE,false
TXN_000326,2024-07-17 22:08:02,MARKETING_EXPENSE,25691.0,29,Marketing and advertising expenditure,REF_326,EXPENSE,false
TXN_000447,2026-08-23 14:14:16,TICKET_PURCHASE,43222.0,21,Ticket purchase revenue,REF_447,REVENUE,false
TXN_000568,2026-10-12 12:12:26,BROADCASTING_REVENUE,18931.0,01,TV broadcasting rights revenue,REF_568,REVENUE,false
TXN_000206,2025-10-19 22:40:30,UTILITY_EXPENSE,28411.0,66,Utility bills (electricity, water, etc.),false
TXN_000327,2025-11-14 04:45:10,MERCHANDISE_SALE,74458.0,89,Merchandise sale revenue,REF_327,REVENUE,false
TXN_000448,2026-10-15 00:56:20,UTILITY_EXPENSE,14699.0,48,Utility bills (electricity, water, etc.),false
TXN_000569,2024-03-08 07:21:09,MERCHANDISE_PURCHASE,11480.0,40,Cost of goods purchased for resale,REF_569,EXPENSE,false
TXN_000203,2024-12-24 18:21:57,SPONSORSHIP_INCOME,92059.0,59,Sponsorship and partnership income,REF_203,REVENUE,false
TXN_000324,2026-10-28 16:45:11,INSURANCE_EXPENSE,41342.0,55,Club and player insurance premiums,REF_324,EXPENSE,false
TXN_000445,2024-05-22 08:31:46,BROADCASTING_REVENUE,99781.0,83,TV broadcasting rights revenue,REF_445,REVENUE,false
TXN_000566,2025-11-14 10:22:37,TICKET_PURCHASE,90983.0,21,Ticket purchase revenue,REF_566,REVENUE,false
TXN_000204,2025-05-24 14:07:06,MARKETING_EXPENSE,22038.0,83,Marketing and advertising expenditure,REF_204,EXPENSE,false
TXN_000325,2024-02-12 19:44:11,SPONSORSHIP_INCOME,76625.0,49,Sponsorship and partnership income,REF_325,REVENUE,false
TXN_000446,2025-09-22 20:04:07,SPONSORSHIP_INCOME,5775.0,85,Sponsorship and partnership income,REF_446,REVENUE,false
TXN_000567,2025-06-03 18:56:25,PRIZE_MONEY,40646.0,45,Tournament prize money,REF_567,REVENUE,false
TXN_000201,2024-09-14 23:49:48,SPONSORSHIP_INCOME,15087.0,60,Sponsorship and partnership income,REF_201,REVENUE,false
TXN_000322,2025-09-27 10:49:46,TICKET_PURCHASE,12779.0,09,Ticket purchase revenue,REF_322,REVENUE,false
TXN_000443,2024-10-14 03:41:05,MERCHANDISE_SALE,25716.0,35,Merchandise sale revenue,REF_443,REVENUE,false
TXN_000564,2026-05-07 03:03:16,PRIZE_MONEY,36501.0,89,Tournament prize money,REF_564,REVENUE,false
TXN_000202,2026-09-09 18:05:14,INSURANCE_EXPENSE,47013.0,49,Club and player insurance premiums,REF_202,EXPENSE,false
TXN_000323,2025-05-03 17:25:13,SALARY_PAYMENT,36412.0,46,Staff and player salary payments,REF_323,EXPENSE,false
TXN_000444,2026-06-17 02:45:40,UTILITY_EXPENSE,25070.0,05,Utility bills (electricity, water, etc.),false
TXN_000565,2026-08-20 01:03:08,SPONSORSHIP_INCOME,2715.0,47,Sponsorship and partnership income,REF_565,REVENUE,false
TXN_000320,2024-09-22 11:44:26,MERCHANDISE_SALE,97671.0,48,Merchandise sale revenue,REF_320,REVENUE,false
TXN_000441,2026-10-05 03:39:44,BROADCASTING_REVENUE,85246.0,32,TV broadcasting rights revenue,REF_441,REVENUE,false
TXN_000562,2026-06-24 22:24:22,PRIZE_MONEY,8500.0,70,Tournament prize money,REF_562,REVENUE,false
TXN_000200,2025-02-08 08:40:07,MERCHANDISE_PURCHASE,33053.0,45,Cost of goods purchased for resale,REF_200,EXPENSE,false
TXN_000321,2026-03-08 13:51:11,UTILITY_EXPENSE,30527.0,87,Utility bills (electricity, water, etc.),false
TXN_000442,2024-05-07 11:46:52,SALARY_PAYMENT,22403.0,16,Staff and player salary payments,REF_442,EXPENSE,false
TXN_000563,2024-09-03 12:05:50,UTILITY_EXPENSE,30608.0,88,Utility bills (electricity, water, etc.),false
TXN_000560,2025-05-14 15:44:33,SPONSORSHIP_INCOME,34646.0,35,Sponsorship and partnership income,REF_560,REVENUE,false
TXN_000440,2025-10-09 21:25:13,SPONSORSHIP_INCOME,42729.0,86,Sponsorship and partnership income,REF_440,REVENUE,false
TXN_000561,2026-03-07 10:51:49,PRIZE_MONEY,81559.0,84,Tournament prize money,REF_561,REVENUE,false
TXN_000209,2025-08-20 10:39:02,TICKET_PURCHASE,59413.0,90,Ticket purchase revenue,REF_209,REVENUE,false
TXN_000218,2024-08-09 20:23:25,BROADCASTING_REVENUE,27671.0,02,TV broadcasting rights revenue,REF_218,REVENUE,false
TXN_000339,2025-04-05 13:50:41,TICKET_PURCHASE,78442.0,18,Ticket purchase revenue,REF_339,REVENUE,false
TXN_000219,2024-12-12 14:00:52,BROADCASTING_REVENUE,80099.0,90,TV broadcasting rights revenue,REF_219,REVENUE,false
TXN_000216,2025-07-09 08:37:51,MERCHANDISE_SALE,49706.0,91,Merchandise sale revenue,REF_216,REVENUE,false
TXN_000337,2026-04-01 13:13:25,MERCHANDISE_SALE,79608.0,03,Merchandise sale revenue,REF_337,REVENUE,false
TXN_000458,2026-03-12 23:00:26,MERCHANDISE_SALE,22190.0,23,Merchandise sale revenue,REF_458,REVENUE,false
TXN_000579,2024-06-12 01:15:41,TICKET_PURCHASE,22169.0,66,Ticket purchase revenue,REF_579,REVENUE,false
TXN_000217,2026-07-01 01:23:07,TICKET_PURCHASE,52052.0,12,Ticket purchase revenue,REF_217,REVENUE,false
TXN_000338,2024-04-09 20:27:40,MERCHANDISE_SALE,60264.0,29,Merchandise sale revenue,REF_338,REVENUE,false
TXN_000459,2025-12-19 17:00:24,SPONSORSHIP_INCOME,29933.0,53,Sponsorship and partnership income,REF_459,REVENUE,false
TXN_000214,2024-09-28 14:58:45,SALARY_PAYMENT,11196.0,38,Staff and player salary payments,REF_214,EXPENSE,false
TXN_000335,2025-12-22 01:40:54,PRIZE_MONEY,12454.0,87,Tournament prize money,REF_335,REVENUE,false
TXN_000456,2024-12-12 00:56:20,SPONSORSHIP_INCOME,89905.0,10,Sponsorship and partnership income,REF_456,REVENUE,false
TXN_000577,2024-01-05 05:17:41,INSURANCE_EXPENSE,3738.0,35,Club and player insurance premiums,REF_577,EXPENSE,false
TXN_000215,2025-09-05 00:24:22,PRIZE_MONEY,19100.0,34,Tournament prize money,REF_215,REVENUE,false
TXN_000336,2026-06-01 13:28:14,MERCHANDISE_PURCHASE,44018.0,33,Cost of goods purchased for resale,REF_336,EXPENSE,false
TXN_000457,2026-03-08 19:51:59,TICKET_PURCHASE,71864.0,16,Ticket purchase revenue,REF_457,REVENUE,false
TXN_000578,2026-11-28 05:52:53,SPONSORSHIP_INCOME,30345.0,56,Sponsorship and partnership income,REF_578,REVENUE,false
TXN_000212,2025-02-23 13:53:11,INSURANCE_EXPENSE,17252.0,59,Club and player insurance premiums,REF_212,EXPENSE,false
TXN_000333,2024-03-07 05:45:02,MARKETING_EXPENSE,29074.0,41,Marketing and advertising expenditure,REF_333,EXPENSE,false
TXN_000454,2025-11-22 10:46:56,SALARY_PAYMENT,19730.0,74,Staff and player salary payments,REF_454,EXPENSE,false
TXN_000575,2026-09-17 02:11:39,SALARY_PAYMENT,2708.0,82,Staff and player salary payments,REF_575,EXPENSE,false
TXN_000213,2024-11-13 12:01:59,TICKET_PURCHASE,26419.0,64,Ticket purchase revenue,REF_213,REVENUE,false
TXN_000334,2024-10-10 14:23:09,UTILITY_EXPENSE,19499.0,47,Utility bills (electricity, water, etc.),false
TXN_000455,2025-08-01 03:32:08,INSURANCE_EXPENSE,15624.0,25,Club and player insurance premiums,REF_455,EXPENSE,false
TXN_000576,2024-04-01 21:43:55,MERCHANDISE_PURCHASE,21788.0,85,Cost of goods purchased for resale,REF_576,EXPENSE,false
TXN_000210,2026-10-26 01:52:08,SPONSORSHIP_INCOME,34695.0,19,Sponsorship and partnership income,REF_210,REVENUE,false
TXN_000331,2026-03-07 08:52:17,MERCHANDISE_PURCHASE,47942.0,38,Cost of goods purchased for resale,REF_331,EXPENSE,false
TXN_000452,2025-11-08 14:14:13,SPONSORSHIP_INCOME,96136.0,79,Sponsorship and partnership income,REF_452,REVENUE,false
TXN_000573,2025-06-10 03:03:46,TICKET_PURCHASE,14942.0,89,Ticket purchase revenue,REF_573,REVENUE,false
TXN_000211,2026-09-14 08:13:02,PRIZE_MONEY,71920.0,37,Tournament prize money,REF_211,REVENUE,false
TXN_000332,2026-10-02 14:19:32,MERCHANDISE_PURCHASE,47156.0,47,Cost of goods purchased for resale,REF_332,EXPENSE,false
TXN_000453,2026-05-14 15:14:40,SALARY_PAYMENT,7061.0,53,Staff and player salary payments,REF_453,EXPENSE,false
TXN_000574,2024-05-22 09:11:49,UTILITY_EXPENSE,5538.0,60,Utility bills (electricity, water, etc.),false
TXN_000450,2026-02-12 09:33:47,INSURANCE_EXPENSE,24874.0,87,Club and player insurance premiums,REF_450,EXPENSE,false
TXN_000571,2025-07-20 04:37:52,TICKET_PURCHASE,71353.0,96,Ticket purchase revenue,REF_571,REVENUE,false
TXN_000330,2024-04-15 02:21:42,SALARY_PAYMENT,18862.0,51,Staff and player salary payments,REF_330,EXPENSE,false
TXN_000451,2025-10-04 12:16:30,TICKET_PURCHASE,93557.0,48,Ticket purchase revenue,REF_451,REVENUE,false
TXN_000572,2026-08-07 19:00:46,BROADCASTING_REVENUE,12643.0,54,TV broadcasting rights revenue,REF_572,REVENUE,false
TXN_000570,2025-08-07 22:32:08,MERCHANDISE_PURCHASE,12114.0,81,Cost of goods purchased for resale,REF_570,EXPENSE,false
TXN_000029,2026-01-18 06:51:42,PRIZE_MONEY,34632.0,64,Tournament prize money,REF_29,REVENUE,false
TXN_000027,2025-07-19 04:44:06,MERCHANDISE_SALE,95427.0,22,Merchandise sale revenue,REF_27,REVENUE,false
TXN_000148,2025-12-12 19:31:47,INSURANCE_EXPENSE,6985.0,70,Club and player insurance premiums,REF_148,EXPENSE,false
TXN_000269,2025-07-26 15:51:40,SPONSORSHIP_INCOME,26638.0,88,Sponsorship and partnership income,REF_269,REVENUE,false
TXN_000028,2026-08-15 05:04:42,UTILITY_EXPENSE,50078.0,37,Utility bills (electricity, water, etc.),false
TXN_000149,2025-02-03 10:47:08,UTILITY_EXPENSE,13599.0,90,Utility bills (electricity, water, etc.),false
TXN_000025,2025-01-25 21:54:01,MERCHANDISE_SALE,32009.0,61,Merchandise sale revenue,REF_25,REVENUE,false
TXN_000146,2024-09-27 19:30:51,SPONSORSHIP_INCOME,95829.0,73,Sponsorship and partnership income,REF_146,REVENUE,false
TXN_000267,2025-06-24 13:18:44,SPONSORSHIP_INCOME,7376.0,21,Sponsorship and partnership income,REF_267,REVENUE,false
TXN_000388,2024-12-21 20:08:01,MERCHANDISE_PURCHASE,39665.0,44,Cost of goods purchased for resale,REF_388,EXPENSE,false
TXN_000026,2024-10-24 01:16:01,UTILITY_EXPENSE,40878.0,00,Utility bills (electricity, water, etc.),false
TXN_000147,2026-03-07 09:55:45,SPONSORSHIP_INCOME,34632.0,44,Sponsorship and partnership income,REF_147,REVENUE,false
TXN_000268,2026-11-27 09:39:09,SPONSORSHIP_INCOME,39752.0,45,Sponsorship and partnership income,REF_268,REVENUE,false
TXN_000389,2024-07-05 20:52:50,BROADCASTING_REVENUE,52606.0,82,TV broadcasting rights revenue,REF_389,REVENUE,false
TXN_000023,2024-12-02 12:56:49,MERCHANDISE_PURCHASE,37527.0,66,Cost of goods purchased for resale,REF_23,EXPENSE,false
TXN_000144,2024-03-20 03:10:41,UTILITY_EXPENSE,18544.0,74,Utility bills (electricity, water, etc.),false
TXN_000265,2025-06-21 17:03:54,TICKET_PURCHASE,95489.0,03,Ticket purchase revenue,REF_265,REVENUE,false
TXN_000386,2025-01-27 23:48:35,SALARY_PAYMENT,26762.0,08,Staff and player salary payments,REF_386,EXPENSE,false
TXN_000024,2026-09-19 17:06:52,MERCHANDISE_PURCHASE,30710.0,55,Cost of goods purchased for resale,REF_24,EXPENSE,false
TXN_000145,2024-01-01 03:06:03,MARKETING_EXPENSE,28686.0,41,Marketing and advertising expenditure,REF_145,EXPENSE,false
TXN_000266,2026-06-19 22:24:41,SPONSORSHIP_INCOME,13508.0,40,Sponsorship and partnership income,REF_266,REVENUE,false
TXN_000387,2025-02-14 08:40:17,TICKET_PURCHASE,60150.0,60,Ticket purchase revenue,REF_387,REVENUE,false
TXN_000021,2024-08-18 03:26:39,SALARY_PAYMENT,40088.0,61,Staff and player salary payments,REF_21,EXPENSE,false
TXN_000142,2026-03-03 14:08:12,SALARY_PAYMENT,38624.0,68,Staff and player salary payments,REF_142,EXPENSE,false
TXN_000263,2024-01-09 03:23:57,SPONSORSHIP_INCOME,68464.0,74,Sponsorship and partnership income,REF_263,REVENUE,false
TXN_000384,2026-06-24 23:05:16,MERCHANDISE_PURCHASE,17133.0,30,Cost of goods purchased for resale,REF_384,EXPENSE,false
TXN_000022,2026-11-13 19:34:51,MERCHANDISE_PURCHASE,48505.0,13,Cost of goods purchased for resale,REF_22,EXPENSE,false
TXN_000143,2025-04-18 02:51:16,SALARY_PAYMENT,24456.0,59,Staff and player salary payments,REF_143,EXPENSE,false
TXN_000264,2024-02-21 20:41:54,SPONSORSHIP_INCOME,5475.0,60,Sponsorship and partnership income,REF_264,REVENUE,false
TXN_000385,2024-04-22 18:38:29,TICKET_PURCHASE,49577.0,36,Ticket purchase revenue,REF_385,REVENUE,false
TXN_000140,2025-04-10 14:31:21,MARKETING_EXPENSE,41368.0,50,Marketing and advertising expenditure,REF_140,EXPENSE,false
TXN_000261,2025-02-16 19:05:59,UTILITY_EXPENSE,5219.0,18,Utility bills (electricity, water, etc.),false
TXN_000382,2025-04-27 14:35:40,UTILITY_EXPENSE,7838.0,01,Utility bills (electricity, water, etc.),false
TXN_000020,2024-12-04 09:59:33,BROADCASTING_REVENUE,27795.0,01,TV broadcasting rights revenue,REF_20,REVENUE,false
TXN_000141,2024-11-14 03:01:33,MARKETING_EXPENSE,43639.0,26,Marketing and advertising expenditure,REF_141,EXPENSE,false
TXN_000262,2024-01-06 18:00:57,SPONSORSHIP_INCOME,63313.0,57,Sponsorship and partnership income,REF_262,REVENUE,false
TXN_000383,2025-04-18 12:55:52,TICKET_PURCHASE,60157.0,78,Ticket purchase revenue,REF_383,REVENUE,false
TXN_000380,2026-07-26 12:11:22,BROADCASTING_REVENUE,81504.0,91,TV broadcasting rights revenue,REF_380,REVENUE,false
TXN_000260,2024-06-14 18:47:49,BROADCASTING_REVENUE,57892.0,70,TV broadcasting rights revenue,REF_260,REVENUE,false
TXN_000381,2024-11-14 11:55:41,UTILITY_EXPENSE,18758.0,52,Utility bills (electricity, water, etc.),false
TXN_000390,2026-12-24 08:17:39,MARKETING_EXPENSE,37709.0,28,Marketing and advertising expenditure,REF_390,EXPENSE,false
TXN_000038,2026-08-09 00:17:07,MERCHANDISE_SALE,31877.0,88,Merchandise sale revenue,REF_38,REVENUE,false
TXN_000159,2024-04-08 08:58:32,SPONSORSHIP_INCOME,93254.0,40,Sponsorship and partnership income,REF_159,REVENUE,false
TXN_000039,2026-04-27 08:52:56,UTILITY_EXPENSE,4279.0,38,Utility bills (electricity, water, etc.),false
TXN_000036,2025-11-27 21:49:55,PRIZE_MONEY,50727.0,97,Tournament prize money,REF_36,REVENUE,false
TXN_000157,2026-02-08 00:57:36,MARKETING_EXPENSE,36618.0,22,Marketing and advertising expenditure,REF_157,EXPENSE,false
TXN_000278,2026-01-08 05:13:38,SALARY_PAYMENT,34250.0,42,Staff and player salary payments,REF_278,EXPENSE,false
TXN_000399,2024-06-09 22:14:36,BROADCASTING_REVENUE,35642.0,17,TV broadcasting rights revenue,REF_399,REVENUE,false
TXN_000037,2025-05-13 22:41:21,SPONSORSHIP_INCOME,78829.0,76,Sponsorship and partnership income,REF_37,REVENUE,false
TXN_000158,2026-02-06 01:38:01,PRIZE_MONEY,87680.0,76,Tournament prize money,REF_158,REVENUE,false
TXN_000279,2024-02-21 17:50:47,MERCHANDISE_SALE,3291.0,71,Merchandise sale revenue,REF_279,REVENUE,false
TXN_000034,2025-01-19 23:58:08,SPONSORSHIP_INCOME,10063.0,19,Sponsorship and partnership income,REF_34,REVENUE,false
TXN_000155,2024-01-01 13:23:31,INSURANCE_EXPENSE,28560.0,89,Club and player insurance premiums,REF_155,EXPENSE,false
TXN_000276,2026-05-03 05:10:58,SPONSORSHIP_INCOME,95834.0,05,Sponsorship and partnership income,REF_276,REVENUE,false
TXN_000397,2024-01-04 17:01:10,MERCHANDISE_SALE,14372.0,31,Merchandise sale revenue,REF_397,REVENUE,false
TXN_000035,2024-04-11 08:34:32,MERCHANDISE_SALE,13209.0,22,Merchandise sale revenue,REF_35,REVENUE,false
TXN_000156,2025-07-15 11:55:55,BROADCASTING_REVENUE,26287.0,72,TV broadcasting rights revenue,REF_156,REVENUE,false
TXN_000277,2026-08-24 15:40:12,MARKETING_EXPENSE,21270.0,47,Marketing and advertising expenditure,REF_277,EXPENSE,false
TXN_000398,2026-03-09 22:33:39,SPONSORSHIP_INCOME,97182.0,84,Sponsorship and partnership income,REF_398,REVENUE,false
TXN_000032,2025-04-04 17:44:00,MERCHANDISE_PURCHASE,38460.0,75,Cost of goods purchased for resale,REF_32,EXPENSE,false
TXN_000153,2024-04-12 17:23:42,UTILITY_EXPENSE,45767.0,09,Utility bills (electricity, water, etc.),false
TXN_000274,2025-07-11 04:12:59,TICKET_PURCHASE,8986.0,06,Ticket purchase revenue,REF_274,REVENUE,false
TXN_000395,2025-04-09 20:10:56,SPONSORSHIP_INCOME,53076.0,42,Sponsorship and partnership income,REF_395,REVENUE,false
TXN_000033,2025-07-01 00:22:34,TICKET_PURCHASE,46827.0,94,Ticket purchase revenue,REF_33,REVENUE,false
TXN_000154,2025-12-23 13:07:49,TICKET_PURCHASE,40018.0,18,Ticket purchase revenue,REF_154,REVENUE,false
TXN_000275,2026-06-04 04:08:45,TICKET_PURCHASE,49184.0,83,Ticket purchase revenue,REF_275,REVENUE,false
TXN_000396,2024-10-15 05:54:47,PRIZE_MONEY,97541.0,90,Tournament prize money,REF_396,REVENUE,false
TXN_000030,2026-09-22 21:55:45,INSURANCE_EXPENSE,3115.0,99,Club and player insurance premiums,REF_30,EXPENSE,false
TXN_000151,2024-06-01 21:25:21,MARKETING_EXPENSE,8976.0,76,Marketing and advertising expenditure,REF_151,EXPENSE,false
TXN_000272,2025-11-15 03:03:15,PRIZE_MONEY,82383.0,58,Tournament prize money,REF_272,REVENUE,false
TXN_000393,2024-06-15 07:42:47,PRIZE_MONEY,79030.0,17,Tournament prize money,REF_393,REVENUE,false
TXN_000031,2025-01-04 14:53:21,MERCHANDISE_SALE,96410.0,30,Merchandise sale revenue,REF_31,REVENUE,false
TXN_000152,2025-08-14 22:52:14,MERCHANDISE_SALE,29269.0,20,Merchandise sale revenue,REF_152,REVENUE,false
TXN_000273,2025-09-09 08:46:05,MARKETING_EXPENSE,4642.0,50,Marketing and advertising expenditure,REF_273,EXPENSE,false
TXN_000394,2026-01-01 16:41:13,UTILITY_EXPENSE,50257.0,93,Utility bills (electricity, water, etc.),false
TXN_000270,2026-03-03 00:25:55,TICKET_PURCHASE,89753.0,41,Ticket purchase revenue,REF_270,REVENUE,false
TXN_000391,2024-07-09 04:01:27,SPONSORSHIP_INCOME,35188.0,38,Sponsorship and partnership income,REF_391,REVENUE,false
TXN_000150,2024-08-19 06:36:44,MARKETING_EXPENSE,1335.0,47,Marketing and advertising expenditure,REF_150,EXPENSE,false
TXN_000271,2025-04-16 22:44:39,SALARY_PAYMENT,23060.0,05,Staff and player salary payments,REF_271,EXPENSE,false
TXN_000392,2024-07-21 04:55:29,MERCHANDISE_SALE,12005.0,99,Merchandise sale revenue,REF_392,REVENUE,false
TXN_000009,2025-08-12 01:07:55,SALARY_PAYMENT,41158.0,15,Staff and player salary payments,REF_9,EXPENSE,false
TXN_000007,2025-04-15 08:20:55,MARKETING_EXPENSE,6244.0,23,Marketing and advertising expenditure,REF_7,EXPENSE,false
TXN_000128,2026-09-08 07:05:45,SALARY_PAYMENT,19108.0,40,Staff and player salary payments,REF_128,EXPENSE,false
TXN_000249,2024-01-13 01:33:58,MERCHANDISE_SALE,68905.0,35,Merchandise sale revenue,REF_249,REVENUE,false
TXN_000008,2026-05-01 13:20:10,MERCHANDISE_SALE,52321.0,41,Merchandise sale revenue,REF_8,REVENUE,false
TXN_000129,2025-02-11 14:09:06,SALARY_PAYMENT,6121.0,49,Staff and player salary payments,REF_129,EXPENSE,false
TXN_000005,2025-07-09 04:32:33,PRIZE_MONEY,26065.0,94,Tournament prize money,REF_5,REVENUE,false
TXN_000126,2026-10-02 13:59:41,UTILITY_EXPENSE,38285.0,88,Utility bills (electricity, water, etc.),false
TXN_000247,2025-03-17 09:01:38,UTILITY_EXPENSE,12821.0,44,Utility bills (electricity, water, etc.),false
TXN_000368,2025-08-18 09:53:48,BROADCASTING_REVENUE,82077.0,58,TV broadcasting rights revenue,REF_368,REVENUE,false
TXN_000489,2026-08-02 14:29:03,SALARY_PAYMENT,48029.0,17,Staff and player salary payments,REF_489,EXPENSE,false
TXN_000006,2026-04-15 12:57:58,MARKETING_EXPENSE,47990.0,74,Marketing and advertising expenditure,REF_6,EXPENSE,false
TXN_000127,2025-01-24 14:07:36,MERCHANDISE_SALE,71087.0,15,Merchandise sale revenue,REF_127,REVENUE,false
TXN_000248,2024-03-15 00:59:56,INSURANCE_EXPENSE,25757.0,17,Club and player insurance premiums,REF_248,EXPENSE,false
TXN_000369,2026-06-13 11:10:44,MARKETING_EXPENSE,34603.0,61,Marketing and advertising expenditure,REF_369,EXPENSE,false
TXN_000003,2024-02-22 19:25:03,INSURANCE_EXPENSE,39392.0,67,Club and player insurance premiums,REF_3,EXPENSE,false
TXN_000124,2024-02-08 12:23:03,INSURANCE_EXPENSE,15819.0,40,Club and player insurance premiums,REF_124,EXPENSE,false
TXN_000245,2025-04-19 10:01:57,PRIZE_MONEY,27557.0,31,Tournament prize money,REF_245,REVENUE,false
TXN_000366,2026-09-27 09:34:32,INSURANCE_EXPENSE,28708.0,37,Club and player insurance premiums,REF_366,EXPENSE,false
TXN_000487,2024-04-19 06:08:11,SPONSORSHIP_INCOME,76593.0,18,Sponsorship and partnership income,REF_487,REVENUE,false
TXN_000004,2024-06-21 09:27:11,TICKET_PURCHASE,7484.0,35,Ticket purchase revenue,REF_4,REVENUE,false
TXN_000125,2024-06-20 22:52:14,PRIZE_MONEY,94442.0,69,Tournament prize money,REF_125,REVENUE,false
TXN_000246,2025-09-09 14:13:17,MERCHANDISE_PURCHASE,17469.0,49,Cost of goods purchased for resale,REF_246,EXPENSE,false
TXN_000367,2025-02-07 08:04:19,SPONSORSHIP_INCOME,65164.0,91,Sponsorship and partnership income,REF_367,REVENUE,false
TXN_000488,2025-08-01 21:11:08,MARKETING_EXPENSE,15555.0,59,Marketing and advertising expenditure,REF_488,EXPENSE,false
TXN_000001,2024-11-26 17:19:24,SPONSORSHIP_INCOME,31837.0,81,Sponsorship and partnership income,REF_1,REVENUE,false
TXN_000122,2025-05-16 12:12:29,UTILITY_EXPENSE,48640.0,98,Utility bills (electricity, water, etc.),false
TXN_000243,2025-03-01 07:45:14,MERCHANDISE_PURCHASE,46536.0,53,Cost of goods purchased for resale,REF_243,EXPENSE,false
TXN_000364,2026-12-07 13:37:32,SPONSORSHIP_INCOME,20642.0,59,Sponsorship and partnership income,REF_364,REVENUE,false
TXN_000485,2026-06-16 19:15:00,SPONSORSHIP_INCOME,43121.0,64,Sponsorship and partnership income,REF_485,REVENUE,false
TXN_000002,2026-05-09 15:50:45,SALARY_PAYMENT,4476.0,35,Staff and player salary payments,REF_2,EXPENSE,false
TXN_000123,2025-11-27 04:59:31,SPONSORSHIP_INCOME,13590.0,06,Sponsorship and partnership income,REF_123,REVENUE,false
TXN_000244,2024-05-14 02:16:58,INSURANCE_EXPENSE,20646.0,90,Club and player insurance premiums,REF_244,EXPENSE,false
TXN_000365,2026-07-12 12:21:12,SPONSORSHIP_INCOME,14502.0,01,Sponsorship and partnership income,REF_365,REVENUE,false
TXN_000486,2026-10-07 19:20:39,SALARY_PAYMENT,50019.0,22,Staff and player salary payments,REF_486,EXPENSE,false
TXN_000120,2026-05-22 10:16:15,MERCHANDISE_PURCHASE,28700.0,83,Cost of goods purchased for resale,REF_120,EXPENSE,false
TXN_000241,2024-03-10 08:13:55,SPONSORSHIP_INCOME,41402.0,20,Sponsorship and partnership income,REF_241,REVENUE,false
TXN_000362,2024-08-26 09:22:47,PRIZE_MONEY,98832.0,37,Tournament prize money,REF_362,REVENUE,false
TXN_000483,2025-01-08 05:37:07,SALARY_PAYMENT,12648.0,11,Staff and player salary payments,REF_483,EXPENSE,false
TXN_000121,2026-02-24 02:23:07,SPONSORSHIP_INCOME,79167.0,56,Sponsorship and partnership income,REF_121,REVENUE,false
TXN_000242,2026-03-26 20:00:16,MERCHANDISE_SALE,75097.0,48,Merchandise sale revenue,REF_242,REVENUE,false
TXN_000363,2025-11-15 07:13:13,SPONSORSHIP_INCOME,3227.0,00,Sponsorship and partnership income,REF_363,REVENUE,false
TXN_000484,2026-08-14 16:49:52,BROADCASTING_REVENUE,78059.0,63,TV broadcasting rights revenue,REF_484,REVENUE,false
TXN_000360,2026-02-15 13:56:22,SALARY_PAYMENT,28240.0,80,Staff and player salary payments,REF_360,EXPENSE,false
TXN_000481,2024-08-16 23:00:23,MERCHANDISE_PURCHASE,34137.0,14,Cost of goods purchased for resale,REF_481,EXPENSE,false
TXN_000240,2025-07-09 13:06:59,BROADCASTING_REVENUE,88905.0,63,TV broadcasting rights revenue,REF_240,REVENUE,false
TXN_000361,2024-03-12 14:25:20,BROADCASTING_REVENUE,29745.0,22,TV broadcasting rights revenue,REF_361,REVENUE,false
TXN_000482,2025-10-02 03:56:06,MERCHANDISE_PURCHASE,40743.0,11,Cost of goods purchased for resale,REF_482,EXPENSE,false
TXN_000480,2026-08-02 08:36:22,MERCHANDISE_SALE,40825.0,54,Merchandise sale revenue,REF_480,REVENUE,false
TXN_000018,2026-11-25 23:43:52,MARKETING_EXPENSE,1902.0,50,Marketing and advertising expenditure,REF_18,EXPENSE,false
TXN_000139,2025-10-07 00:32:31,PRIZE_MONEY,39966.0,96,Tournament prize money,REF_139,REVENUE,false
TXN_000019,2025-06-18 00:03:43,MERCHANDISE_PURCHASE,47195.0,95,Cost of goods purchased for resale,REF_19,EXPENSE,false
TXN_000016,2025-04-04 12:43:11,INSURANCE_EXPENSE,1368.0,09,Club and player insurance premiums,REF_16,EXPENSE,false
TXN_000137,2025-08-26 10:33:11,MARKETING_EXPENSE,37377.0,88,Marketing and advertising expenditure,REF_137,EXPENSE,false
TXN_000258,2025-05-21 03:29:18,UTILITY_EXPENSE,50393.0,47,Utility bills (electricity, water, etc.),false
TXN_000379,2024-08-01 12:13:30,PRIZE_MONEY,39841.0,83,Tournament prize money,REF_379,REVENUE,false
TXN_000017,2024-05-05 21:59:07,SPONSORSHIP_INCOME,50303.0,42,Sponsorship and partnership income,REF_17,REVENUE,false
TXN_000138,2025-04-20 16:45:29,UTILITY_EXPENSE,38234.0,05,Utility bills (electricity, water, etc.),false
TXN_000259,2024-03-24 06:17:15,UTILITY_EXPENSE,44118.0,36,Utility bills (electricity, water, etc.),false
TXN_000014,2024-04-14 17:18:53,SPONSORSHIP_INCOME,33777.0,84,Sponsorship and partnership income,REF_14,REVENUE,false
TXN_000135,2026-09-02 04:57:17,MERCHANDISE_SALE,74592.0,67,Merchandise sale revenue,REF_135,REVENUE,false
TXN_000256,2026-07-17 03:28:24,SPONSORSHIP_INCOME,83796.0,87,Sponsorship and partnership income,REF_256,REVENUE,false
TXN_000377,2025-06-11 07:13:07,PRIZE_MONEY,41837.0,61,Tournament prize money,REF_377,REVENUE,false
TXN_000498,2025-01-26 00:58:29,PRIZE_MONEY,97174.0,95,Tournament prize money,REF_498,REVENUE,false
TXN_000015,2025-08-26 15:03:20,TICKET_PURCHASE,84534.0,22,Ticket purchase revenue,REF_15,REVENUE,false
TXN_000136,2025-05-24 20:57:36,BROADCASTING_REVENUE,68869.0,20,TV broadcasting rights revenue,REF_136,REVENUE,false
TXN_000257,2026-08-24 16:15:18,MERCHANDISE_SALE,61003.0,79,Merchandise sale revenue,REF_257,REVENUE,false
TXN_000378,2026-03-23 07:05:55,BROADCASTING_REVENUE,56999.0,88,TV broadcasting rights revenue,REF_378,REVENUE,false
TXN_000499,2025-07-11 20:03:02,MARKETING_EXPENSE,21290.0,07,Marketing and advertising expenditure,REF_499,EXPENSE,false
TXN_000012,2025-10-08 11:29:33,INSURANCE_EXPENSE,44347.0,09,Club and player insurance premiums,REF_12,EXPENSE,false
TXN_000133,2026-03-10 00:22:55,UTILITY_EXPENSE,3087.0,28,Utility bills (electricity, water, etc.),false
TXN_000254,2026-09-01 19:52:02,MERCHANDISE_SALE,42194.0,68,Merchandise sale revenue,REF_254,REVENUE,false
TXN_000375,2024-08-12 01:49:51,INSURANCE_EXPENSE,47314.0,00,Club and player insurance premiums,REF_375,EXPENSE,false
TXN_000496,2024-10-17 14:57:26,BROADCASTING_REVENUE,9398.0,15,TV broadcasting rights revenue,REF_496,REVENUE,false
TXN_000013,2024-02-09 06:28:52,BROADCASTING_REVENUE,80844.0,71,TV broadcasting rights revenue,REF_13,REVENUE,false
TXN_000134,2026-10-27 01:57:11,SPONSORSHIP_INCOME,94790.0,95,Sponsorship and partnership income,REF_134,REVENUE,false
TXN_000255,2024-01-11 08:02:19,UTILITY_EXPENSE,26809.0,35,Utility bills (electricity, water, etc.),false
TXN_000376,2025-12-22 14:36:54,PRIZE_MONEY,98714.0,98,Tournament prize money,REF_376,REVENUE,false
TXN_000497,2025-04-12 05:43:06,MERCHANDISE_PURCHASE,35250.0,42,Cost of goods purchased for resale,REF_497,EXPENSE,false
TXN_000010,2026-06-12 22:53:50,MERCHANDISE_PURCHASE,22658.0,77,Cost of goods purchased for resale,REF_10,EXPENSE,false
TXN_000131,2024-08-11 23:07:20,MARKETING_EXPENSE,36574.0,90,Marketing and advertising expenditure,REF_131,EXPENSE,false
TXN_000252,2024-05-16 08:02:02,MARKETING_EXPENSE,39993.0,33,Marketing and advertising expenditure,REF_252,EXPENSE,false
TXN_000373,2024-11-01 21:26:17,MERCHANDISE_PURCHASE,1393.0,52,Cost of goods purchased for resale,REF_373,EXPENSE,false
TXN_000494,2024-11-16 00:36:24,TICKET_PURCHASE,95327.0,33,Ticket purchase revenue,REF_494,REVENUE,false
TXN_000011,2026-02-19 14:45:20,BROADCASTING_REVENUE,35343.0,23,TV broadcasting rights revenue,REF_11,REVENUE,false
TXN_000132,2026-08-11 09:56:54,TICKET_PURCHASE,87809.0,18,Ticket purchase revenue,REF_132,REVENUE,false
TXN_000253,2025-01-23 17:53:37,PRIZE_MONEY,74406.0,47,Tournament prize money,REF_253,REVENUE,false
TXN_000374,2025-05-25 18:48:15,MERCHANDISE_PURCHASE,50360.0,23,Cost of goods purchased for resale,REF_374,EXPENSE,false
TXN_000495,2024-09-01 23:48:51,MARKETING_EXPENSE,2703.0,38,Marketing and advertising expenditure,REF_495,EXPENSE,false
TXN_000250,2026-08-20 04:16:12,MARKETING_EXPENSE,39898.0,77,Marketing and advertising expenditure,REF_250,EXPENSE,false
TXN_000371,2024-06-12 08:25:50,MERCHANDISE_SALE,81629.0,34,Merchandise sale revenue,REF_371,REVENUE,false
TXN_000492,2026-11-23 23:11:34,TICKET_PURCHASE,17198.0,00,Ticket purchase revenue,REF_492,REVENUE,false
TXN_000130,2026-01-18 02:32:25,MERCHANDISE_PURCHASE,16594.0,63,Cost of goods purchased for resale,REF_130,EXPENSE,false
TXN_000251,2024-04-06 07:38:57,SALARY_PAYMENT,34255.0,96,Staff and player salary payments,REF_251,EXPENSE,false
TXN_000372,2025-01-25 23:38:22,MERCHANDISE_PURCHASE,20565.0,94,Cost of goods purchased for resale,REF_372,EXPENSE,false
TXN_000493,2024-11-26 15:58:42,TICKET_PURCHASE,97391.0,26,Ticket purchase revenue,REF_493,REVENUE,false
TXN_000490,2025-11-08 15:51:45,SALARY_PAYMENT,12979.0,45,Staff and player salary payments,REF_490,EXPENSE,false
TXN_000370,2025-06-22 12:14:46,MERCHANDISE_PURCHASE,46435.0,21,Cost of goods purchased for resale,REF_370,EXPENSE,false
TXN_000491,2026-04-18 08:53:58,BROADCASTING_REVENUE,94326.0,12,TV broadcasting rights revenue,REF_491,REVENUE,false
TXN_000180,2026-07-22 17:29:52,BROADCASTING_REVENUE,7344.0,85,TV broadcasting rights revenue,REF_180,REVENUE,false
TXN_000060,2024-01-02 01:40:29,TICKET_PURCHASE,75739.0,27,Ticket purchase revenue,REF_60,REVENUE,false
TXN_000181,2026-11-03 00:27:29,SPONSORSHIP_INCOME,57293.0,54,Sponsorship and partnership income,REF_181,REVENUE,false
TXN_000069,2025-04-18 05:35:47,MARKETING_EXPENSE,9265.0,62,Marketing and advertising expenditure,REF_69,EXPENSE,false
TXN_000067,2024-09-01 11:20:02,BROADCASTING_REVENUE,54468.0,70,TV broadcasting rights revenue,REF_67,REVENUE,false
TXN_000188,2024-01-25 17:03:33,SPONSORSHIP_INCOME,39851.0,62,Sponsorship and partnership income,REF_188,REVENUE,false
TXN_000068,2024-02-17 22:16:49,SPONSORSHIP_INCOME,60747.0,55,Sponsorship and partnership income,REF_68,REVENUE,false
TXN_000189,2025-01-20 05:40:44,TICKET_PURCHASE,31986.0,36,Ticket purchase revenue,REF_189,REVENUE,false
TXN_000065,2025-07-01 00:15:23,MERCHANDISE_SALE,87016.0,16,Merchandise sale revenue,REF_65,REVENUE,false
TXN_000186,2025-03-01 03:19:17,SPONSORSHIP_INCOME,24498.0,32,Sponsorship and partnership income,REF_186,REVENUE,false
TXN_000066,2026-05-09 18:00:24,SPONSORSHIP_INCOME,73411.0,45,Sponsorship and partnership income,REF_66,REVENUE,false
TXN_000187,2026-06-23 01:19:59,TICKET_PURCHASE,46191.0,69,Ticket purchase revenue,REF_187,REVENUE,false
TXN_000063,2026-09-09 09:54:46,BROADCASTING_REVENUE,32699.0,49,TV broadcasting rights revenue,REF_63,REVENUE,false
TXN_000184,2024-10-22 09:59:49,BROADCASTING_REVENUE,82571.0,93,TV broadcasting rights revenue,REF_184,REVENUE,false
TXN_000064,2026-12-21 03:02:47,MERCHANDISE_PURCHASE,43798.0,14,Cost of goods purchased for resale,REF_64,EXPENSE,false
TXN_000185,2025-12-06 07:12:02,INSURANCE_EXPENSE,7027.0,55,Club and player insurance premiums,REF_185,EXPENSE,false
TXN_000061,2025-04-05 21:14:55,SPONSORSHIP_INCOME,39129.0,27,Sponsorship and partnership income,REF_61,REVENUE,false
TXN_000182,2025-10-13 18:55:02,UTILITY_EXPENSE,46870.0,98,Utility bills (electricity, water, etc.),false
TXN_000062,2026-04-21 15:46:15,INSURANCE_EXPENSE,28646.0,05,Club and player insurance premiums,REF_62,EXPENSE,false
TXN_000183,2026-05-07 19:45:25,TICKET_PURCHASE,97036.0,80,Ticket purchase revenue,REF_183,REVENUE,false
TXN_000070,2025-02-03 19:47:59,UTILITY_EXPENSE,11341.0,74,Utility bills (electricity, water, etc.),false
TXN_000191,2025-10-21 22:25:34,MERCHANDISE_SALE,36932.0,02,Merchandise sale revenue,REF_191,REVENUE,false
TXN_000071,2024-12-24 07:53:22,BROADCASTING_REVENUE,39725.0,15,TV broadcasting rights revenue,REF_71,REVENUE,false
TXN_000192,2026-12-04 23:46:20,SPONSORSHIP_INCOME,43296.0,10,Sponsorship and partnership income,REF_192,REVENUE,false
TXN_000190,2025-11-02 15:29:55,MERCHANDISE_SALE,3167.0,74,Merchandise sale revenue,REF_190,REVENUE,false
TXN_000078,2026-06-03 02:33:31,PRIZE_MONEY,58633.0,26,Tournament prize money,REF_78,REVENUE,false
TXN_000199,2024-12-25 16:19:59,PRIZE_MONEY,64278.0,44,Tournament prize money,REF_199,REVENUE,false
TXN_000079,2026-01-23 23:10:41,TICKET_PURCHASE,61053.0,76,Ticket purchase revenue,REF_79,REVENUE,false
TXN_000076,2024-04-20 23:34:47,MERCHANDISE_PURCHASE,21499.0,49,Cost of goods purchased for resale,REF_76,EXPENSE,false
TXN_000197,2026-02-07 21:19:58,TICKET_PURCHASE,65751.0,80,Ticket purchase revenue,REF_197,REVENUE,false
TXN_000077,2024-12-01 06:50:15,SPONSORSHIP_INCOME,85542.0,97,Sponsorship and partnership income,REF_77,REVENUE,false
TXN_000198,2026-01-23 22:48:56,INSURANCE_EXPENSE,9930.0,59,Club and player insurance premiums,REF_198,EXPENSE,false
TXN_000074,2026-03-01 14:56:22,SPONSORSHIP_INCOME,60315.0,25,Sponsorship and partnership income,REF_74,REVENUE,false
TXN_000195,2025-06-20 01:38:14,SPONSORSHIP_INCOME,23192.0,29,Sponsorship and partnership income,REF_195,REVENUE,false
TXN_000075,2024-12-26 07:46:35,BROADCASTING_REVENUE,73668.0,30,TV broadcasting rights revenue,REF_75,REVENUE,false
TXN_000196,2026-06-15 11:55:50,PRIZE_MONEY,39855.0,77,Tournament prize money,REF_196,REVENUE,false
TXN_000072,2026-04-24 09:40:07,MARKETING_EXPENSE,5958.0,58,Marketing and advertising expenditure,REF_72,EXPENSE,false
TXN_000193,2025-04-03 11:27:26,BROADCASTING_REVENUE,23342.0,62,TV broadcasting rights revenue,REF_193,REVENUE,false
TXN_000073,2024-09-16 16:32:51,TICKET_PURCHASE,61604.0,06,Ticket purchase revenue,REF_73,REVENUE,false
TXN_000194,2025-09-05 00:03:21,PRIZE_MONEY,95291.0,27,Tournament prize money,REF_194,REVENUE,false
TXN_000280,2026-01-24 11:08:29,MERCHANDISE_SALE,58564.0,26,Merchandise sale revenue,REF_280,REVENUE,false
TXN_000049,2026-10-24 20:18:39,SPONSORSHIP_INCOME,71186.0,47,Sponsorship and partnership income,REF_49,REVENUE,false
TXN_000047,2025-02-12 16:20:37,INSURANCE_EXPENSE,26793.0,45,Club and player insurance premiums,REF_47,EXPENSE,false
TXN_000168,2024-01-25 01:10:47,MARKETING_EXPENSE,21829.0,67,Marketing and advertising expenditure,REF_168,EXPENSE,false
TXN_000289,2025-10-23 15:40:33,MARKETING_EXPENSE,900.0,14,Marketing and advertising expenditure,REF_289,EXPENSE,false
TXN_000048,2026-04-22 13:55:51,MERCHANDISE_PURCHASE,44101.0,66,Cost of goods purchased for resale,REF_48,EXPENSE,false
TXN_000169,2025-02-24 16:15:52,BROADCASTING_REVENUE,95860.0,84,TV broadcasting rights revenue,REF_169,REVENUE,false
TXN_000045,2024-11-10 03:47:58,TICKET_PURCHASE,76251.0,99,Ticket purchase revenue,REF_45,REVENUE,false
TXN_000166,2024-08-05 04:46:00,MERCHANDISE_PURCHASE,29853.0,72,Cost of goods purchased for resale,REF_166,EXPENSE,false
TXN_000287,2024-02-23 12:08:31,SALARY_PAYMENT,49018.0,49,Staff and player salary payments,REF_287,EXPENSE,false
TXN_000046,2026-03-06 20:30:56,MERCHANDISE_SALE,76586.0,44,Merchandise sale revenue,REF_46,REVENUE,false
TXN_000167,2026-07-08 03:00:49,MERCHANDISE_SALE,69864.0,18,Merchandise sale revenue,REF_167,REVENUE,false
TXN_000288,2024-10-07 00:09:33,MERCHANDISE_SALE,96163.0,84,Merchandise sale revenue,REF_288,REVENUE,false
TXN_000043,2024-03-10 19:16:04,INSURANCE_EXPENSE,9091.0,82,Club and player insurance premiums,REF_43,EXPENSE,false
TXN_000164,2024-10-27 20:05:32,PRIZE_MONEY,77485.0,77,Tournament prize money,REF_164,REVENUE,false
TXN_000285,2024-02-27 09:07:17,MARKETING_EXPENSE,7548.0,82,Marketing and advertising expenditure,REF_285,EXPENSE,false
TXN_000044,2025-11-01 09:08:46,MERCHANDISE_SALE,85025.0,84,Merchandise sale revenue,REF_44,REVENUE,false
TXN_000165,2024-06-10 04:53:53,MARKETING_EXPENSE,34995.0,51,Marketing and advertising expenditure,REF_165,EXPENSE,false
TXN_000286,2025-06-25 03:43:18,BROADCASTING_REVENUE,77482.0,66,TV broadcasting rights revenue,REF_286,REVENUE,false
TXN_000041,2026-04-24 04:30:03,TICKET_PURCHASE,1259.0,83,Ticket purchase revenue,REF_41,REVENUE,false
TXN_000162,2025-01-22 16:23:15,INSURANCE_EXPENSE,44484.0,38,Club and player insurance premiums,REF_162,EXPENSE,false
TXN_000283,2025-02-23 08:17:03,BROADCASTING_REVENUE,83071.0,99,TV broadcasting rights revenue,REF_283,REVENUE,false
TXN_000042,2025-04-26 22:39:39,INSURANCE_EXPENSE,33303.0,51,Club and player insurance premiums,REF_42,EXPENSE,false
TXN_000163,2026-01-15 17:48:22,MERCHANDISE_PURCHASE,21196.0,06,Cost of goods purchased for resale,REF_163,EXPENSE,false
TXN_000284,2024-06-01 09:01:06,BROADCASTING_REVENUE,54459.0,33,TV broadcasting rights revenue,REF_284,REVENUE,false
TXN_000160,2025-05-14 08:53:04,MERCHANDISE_PURCHASE,26015.0,08,Cost of goods purchased for resale,REF_160,EXPENSE,false
TXN_000281,2024-05-28 20:41:13,PRIZE_MONEY,3888.0,17,Tournament prize money,REF_281,REVENUE,false
TXN_000040,2025-06-14 18:11:40,SPONSORSHIP_INCOME,64246.0,39,Sponsorship and partnership income,REF_40,REVENUE,false
TXN_000161,2025-09-20 20:51:33,MERCHANDISE_SALE,23049.0,49,Merchandise sale revenue,REF_161,REVENUE,false
TXN_000282,2024-11-25 05:37:54,PRIZE_MONEY,74446.0,73,Tournament prize money,REF_282,REVENUE,false
TXN_000290,2025-05-15 21:54:42,SPONSORSHIP_INCOME,83642.0,27,Sponsorship and partnership income,REF_290,REVENUE,false
TXN_000170,2024-02-05 17:38:29,BROADCASTING_REVENUE,54260.0,49,TV broadcasting rights revenue,REF_170,REVENUE,false
TXN_000291,2026-05-11 05:22:31,INSURANCE_EXPENSE,16702.0,75,Club and player insurance premiums,REF_291,EXPENSE,false
TXN_000058,2026-04-28 22:09:47,MERCHANDISE_SALE,39686.0,14,Merchandise sale revenue,REF_58,REVENUE,false
TXN_000179,2024-03-01 05:50:45,MERCHANDISE_PURCHASE,26993.0,49,Cost of goods purchased for resale,REF_179,EXPENSE,false
TXN_000059,2026-07-10 16:16:16,MERCHANDISE_PURCHASE,48572.0,74,Cost of goods purchased for resale,REF_59,EXPENSE,false
TXN_000056,2026-12-18 12:44:09,BROADCASTING_REVENUE,36343.0,30,TV broadcasting rights revenue,REF_56,REVENUE,false
TXN_000177,2025-10-10 09:21:12,UTILITY_EXPENSE,1826.0,67,Utility bills (electricity, water, etc.),false
TXN_000298,2025-09-05 08:31:22,SALARY_PAYMENT,6456.0,56,Staff and player salary payments,REF_298,EXPENSE,false
TXN_000057,2024-10-13 07:16:05,TICKET_PURCHASE,19966.0,87,Ticket purchase revenue,REF_57,REVENUE,false
TXN_000178,2024-10-12 15:31:34,BROADCASTING_REVENUE,7523.0,86,TV broadcasting rights revenue,REF_178,REVENUE,false
TXN_000299,2026-06-17 12:22:07,TICKET_PURCHASE,89109.0,11,Ticket purchase revenue,REF_299,REVENUE,false
TXN_000054,2024-11-11 08:52:17,TICKET_PURCHASE,7779.0,74,Ticket purchase revenue,REF_54,REVENUE,false
TXN_000175,2024-09-14 05:14:45,MERCHANDISE_SALE,70793.0,80,Merchandise sale revenue,REF_175,REVENUE,false
TXN_000296,2025-09-19 09:31:38,MERCHANDISE_SALE,37071.0,52,Merchandise sale revenue,REF_296,REVENUE,false
TXN_000055,2024-10-18 03:14:30,MERCHANDISE_SALE,72705.0,28,Merchandise sale revenue,REF_55,REVENUE,false
TXN_000176,2024-11-04 17:12:10,SPONSORSHIP_INCOME,84155.0,91,Sponsorship and partnership income,REF_176,REVENUE,false
TXN_000297,2024-07-21 11:25:28,SALARY_PAYMENT,47181.0,18,Staff and player salary payments,REF_297,EXPENSE,false
TXN_000052,2026-10-15 01:49:55,INSURANCE_EXPENSE,18081.0,49,Club and player insurance premiums,REF_52,EXPENSE,false
TXN_000173,2026-12-03 14:05:17,MARKETING_EXPENSE,12200.0,25,Marketing and advertising expenditure,REF_173,EXPENSE,false
TXN_000294,2025-05-20 05:57:42,BROADCASTING_REVENUE,57597.0,04,TV broadcasting rights revenue,REF_294,REVENUE,false
TXN_000053,2024-08-18 23:13:42,MERCHANDISE_SALE,72736.0,95,Merchandise sale revenue,REF_53,REVENUE,false
TXN_000174,2026-09-27 05:41:39,PRIZE_MONEY,60927.0,26,Tournament prize money,REF_174,REVENUE,false
TXN_000295,2025-08-08 09:44:08,MERCHANDISE_PURCHASE,16512.0,28,Cost of goods purchased for resale,REF_295,EXPENSE,false
TXN_000050,2026-05-12 22:33:49,PRIZE_MONEY,9888.0,66,Tournament prize money,REF_50,REVENUE,false
TXN_000171,2025-07-17 06:47:20,UTILITY_EXPENSE,39537.0,88,Utility bills (electricity, water, etc.),false
TXN_000292,2026-09-05 12:08:07,INSURANCE_EXPENSE,7342.0,76,Club and player insurance premiums,REF_292,EXPENSE,false
TXN_000051,2025-10-13 16:42:14,MERCHANDISE_PURCHASE,16964.0,27,Cost of goods purchased for resale,REF_51,EXPENSE,false
TXN_000172,2024-11-26 22:30:33,UTILITY_EXPENSE,42600.0,38,Utility bills (electricity, water, etc.),false
TXN_000293,2025-10-23 01:48:48,INSURANCE_EXPENSE,36114.0,17,Club and player insurance premiums,REF_293,EXPENSE,false
TXN_000081,2024-06-16 04:21:36,UTILITY_EXPENSE,29529.0,83,Utility bills (electricity, water, etc.),false
TXN_000082,2026-12-13 18:55:13,SPONSORSHIP_INCOME,22446.0,54,Sponsorship and partnership income,REF_82,REVENUE,false
TXN_000080,2026-10-11 13:18:42,TICKET_PURCHASE,91215.0,67,Ticket purchase revenue,REF_80,REVENUE,false
TXN_000089,2024-11-05 13:11:17,TICKET_PURCHASE,2384.0,25,Ticket purchase revenue,REF_89,REVENUE,false
TXN_000087,2025-12-23 01:07:11,UTILITY_EXPENSE,4383.0,45,Utility bills (electricity, water, etc.),false
TXN_000088,2026-09-04 03:20:22,SPONSORSHIP_INCOME,31669.0,19,Sponsorship and partnership income,REF_88,REVENUE,false
b7d3e254-9507-4185-965f-b0dc9a13d898,2026-05-22T11:04:22.054,TICKET_PURCHASE,30.0,Ticket purchase for match MATCH_022,2e10800c-74df-4cfd-a505-b6c386080438,TICKET,phat,false
TXN_000085,2024-03-20 17:34:01,TICKET_PURCHASE,11373.0,16,Ticket purchase revenue,REF_85,REVENUE,false
TXN_000086,2026-04-10 13:38:51,BROADCASTING_REVENUE,57566.0,29,TV broadcasting rights revenue,REF_86,REVENUE,false
TXN_000083,2026-04-11 06:49:33,INSURANCE_EXPENSE,39869.0,59,Club and player insurance premiums,REF_83,EXPENSE,false
TXN_000084,2025-08-13 15:06:18,MARKETING_EXPENSE,35778.0,61,Marketing and advertising expenditure,REF_84,EXPENSE,false
TXN_000092,2025-11-22 15:16:13,SPONSORSHIP_INCOME,90010.0,53,Sponsorship and partnership income,REF_92,REVENUE,false
TXN_000093,2025-09-25 04:31:10,PRIZE_MONEY,91764.0,95,Tournament prize money,REF_93,REVENUE,false
TXN_000090,2025-05-19 22:26:00,MERCHANDISE_SALE,25603.0,10,Merchandise sale revenue,REF_90,REVENUE,false
TXN_000091,2025-06-20 20:49:32,UTILITY_EXPENSE,26102.0,60,Utility bills (electricity, water, etc.),false
TXN_000098,2025-01-10 21:47:48,BROADCASTING_REVENUE,31630.0,44,TV broadcasting rights revenue,REF_98,REVENUE,false
TXN_000099,2026-01-11 06:25:42,SALARY_PAYMENT,8691.0,36,Staff and player salary payments,REF_99,EXPENSE,false
TXN_000096,2026-08-15 06:50:46,MERCHANDISE_SALE,70231.0,16,Merchandise sale revenue,REF_96,REVENUE,false
TXN_000097,2026-07-13 11:01:49,MARKETING_EXPENSE,27057.0,65,Marketing and advertising expenditure,REF_97,EXPENSE,false
TXN_000094,2025-12-20 05:54:11,TICKET_PURCHASE,59363.0,21,Ticket purchase revenue,REF_94,REVENUE,false
TXN_000095,2026-04-23 21:50:09,INSURANCE_EXPENSE,27087.0,88,Club and player insurance premiums,REF_95,EXPENSE,false
135db19e-a488-4379-8d01-6c602fe7a1d6,2026-05-22T11:15:16.831,TICKET_PURCHASE,30.0,Ticket purchase for match MATCH_022,3c413f1a-408a-48c5-a471-3d0c69a0badc,TICKET,phat,false
